session	category	reason	acceptance	backend	files	bytes
calib_20260801_211449	LEGACY_DO_NOT_RUN	已由当前标定或RSUSB正式数据替代			1340	60695503
calib_20260801_211544	LEGACY_DO_NOT_RUN	已由当前标定或RSUSB正式数据替代			1876	85438346
calib_20260802_125948	LEGACY_DO_NOT_RUN	已由当前标定或RSUSB正式数据替代			6395	839521422
calib_20260802_130435	LEGACY_DO_NOT_RUN	已由当前标定或RSUSB正式数据替代			1621	194168273
calib_20260802_130920	LEGACY_DO_NOT_RUN	已由当前标定或RSUSB正式数据替代			25276	3476093359
calib_20260802_132504	LEGACY_DO_NOT_RUN	已由当前标定或RSUSB正式数据替代			8492	1161441225
calib_20260802_134324	LEGACY_DO_NOT_RUN	已由当前标定或RSUSB正式数据替代			6053	711496096
calib_20260802_135754	LEGACY_DO_NOT_RUN	已由当前标定或RSUSB正式数据替代			751	128003625
calib_20260802_135943	LEGACY_DO_NOT_RUN	已由当前标定或RSUSB正式数据替代			10289	1365569081
calib_20260802_141404	LEGACY_DO_NOT_RUN	已由当前标定或RSUSB正式数据替代			3427	523875363
calib_20260802_141820	LEGACY_DO_NOT_RUN	已由当前标定或RSUSB正式数据替代			924	131234747
calib_20260802_142013	LEGACY_DO_NOT_RUN	已由当前标定或RSUSB正式数据替代			1828	258327426
calib_20260802_142734	LEGACY_DO_NOT_RUN	已由当前标定或RSUSB正式数据替代			486	68562951
calib_20260802_142929	LEGACY_DO_NOT_RUN	已由当前标定或RSUSB正式数据替代			466	62519943
calib_20260802_143041	LEGACY_DO_NOT_RUN	已由当前标定或RSUSB正式数据替代			4690	616230066
calib_20260804_192306	LEGACY_DO_NOT_RUN	已由当前标定或RSUSB正式数据替代			569	99643269
calib_20260804_192406	LEGACY_DO_NOT_RUN	已由当前标定或RSUSB正式数据替代			1437	254429128
calib_20260804_192618	LEGACY_DO_NOT_RUN	已由当前标定或RSUSB正式数据替代			2297	411347797
calib_20260804_193636	LEGACY_DO_NOT_RUN	已由当前标定或RSUSB正式数据替代			1716	303190197
calib_20260804_194345	LEGACY_DO_NOT_RUN	已由当前标定或RSUSB正式数据替代			2957	519374492
calib_20260808_173952	LEGACY_DO_NOT_RUN	已由当前标定或RSUSB正式数据替代			1597	94671871
calib_20260808_174103	LEGACY_DO_NOT_RUN	已由当前标定或RSUSB正式数据替代			1321	82047991
calib_20260808_174150	LEGACY_DO_NOT_RUN	已由当前标定或RSUSB正式数据替代			1564	99747317
calib_20260808_174245	LEGACY_DO_NOT_RUN	已由当前标定或RSUSB正式数据替代			1588	99650578
calib_20260808_174547	LEGACY_DO_NOT_RUN	已由当前标定或RSUSB正式数据替代			2642	166600066
calib_20260808_174801	LEGACY_DO_NOT_RUN	已由当前标定或RSUSB正式数据替代			1816	119650231
calib_20260808_174903	LEGACY_DO_NOT_RUN	已由当前标定或RSUSB正式数据替代			1904	123984586
calib_20260808_180739	LEGACY_DO_NOT_RUN	已由当前标定或RSUSB正式数据替代			4	58951
calib_20260808_180755	LEGACY_DO_NOT_RUN	已由当前标定或RSUSB正式数据替代			1474	87253815
calib_20260808_182106	LEGACY_DO_NOT_RUN	已由当前标定或RSUSB正式数据替代			3191	326184031
calib_20260808_182310	LEGACY_DO_NOT_RUN	已由当前标定或RSUSB正式数据替代			4423	457876418
calib_20260808_192211	REGRESSION_EVIDENCE	被回归/标定/AB/故障报告引用			3878	383382290
d405_720p_all_20260803_203706	LEGACY_DO_NOT_RUN	已由当前标定或RSUSB正式数据替代			0	0
d405_720p_all_20260803_203800	REGRESSION_EVIDENCE	被回归/标定/AB/故障报告引用			6	1724263706
d405_720p_all_20260803_204009	REGRESSION_EVIDENCE	被回归/标定/AB/故障报告引用			6	891257922
d405_720p_all_20260803_204624	LEGACY_DO_NOT_RUN	已由当前标定或RSUSB正式数据替代			5	238207417
d405_720p_all_20260803_204726	REGRESSION_EVIDENCE	被回归/标定/AB/故障报告引用			6	1737797555
d405_720p_all_20260804_145508	REGRESSION_EVIDENCE	被回归/标定/AB/故障报告引用			6	1218816474
d405_720p_all_20260804_145842	REGRESSION_EVIDENCE	被回归/标定/AB/故障报告引用			6	845939916
d405_720p_all_20260804_150359	LEGACY_DO_NOT_RUN	已由当前标定或RSUSB正式数据替代			6	1211367366
d405_720p_all_20260804_150612	REGRESSION_EVIDENCE	被回归/标定/AB/故障报告引用			6	1887185122
d405_720p_all_20260804_151127	REGRESSION_EVIDENCE	被回归/标定/AB/故障报告引用			6	855179316
d405_720p_all_20260804_152711	REGRESSION_EVIDENCE	被回归/标定/AB/故障报告引用			6	1876172818
d405_720p_all_20260804_152741	LEGACY_DO_NOT_RUN	结果报告已保留，可在新机按需重录			6	10085945484
d405_720p_all_20260804_201730	LEGACY_DO_NOT_RUN	结果报告已保留，可在新机按需重录			5	3063486818
d405_720p_all_20260804_201834	LEGACY_DO_NOT_RUN	已由当前标定或RSUSB正式数据替代			5	1902019778
d405_720p_all_20260804_202202	LEGACY_DO_NOT_RUN	已由当前标定或RSUSB正式数据替代			5	5008331282
d405_720p_all_20260804_202306	LEGACY_DO_NOT_RUN	结果报告已保留，可在新机按需重录			6	8646620284
d405_720p_all_20260804_202832	LEGACY_DO_NOT_RUN	已由当前标定或RSUSB正式数据替代			5	4705473460
d405_720p_all_20260804_202935	LEGACY_DO_NOT_RUN	结果报告已保留，可在新机按需重录			6	8683648542
d405_720p_all_20260804_215042	REGRESSION_EVIDENCE	被回归/标定/AB/故障报告引用			6	1289279573
d405_720p_all_20260804_215229	REGRESSION_EVIDENCE	被回归/标定/AB/故障报告引用			6	8401641882
d405_720p_all_20260806_192437	LEGACY_DO_NOT_RUN	已由当前标定或RSUSB正式数据替代			5	2492657647
d405_720p_all_20260807_115453	REGRESSION_EVIDENCE	被回归/标定/AB/故障报告引用			6	5720593564
d405_720p_all_20260810_001100	REGRESSION_EVIDENCE	被回归/标定/AB/故障报告引用			9	10285329498
d405_720p_depth_stereo_ir_20260815_181338	CURRENT_ACTIVE	RSUSB正式采集PASS	PASS	rs.recorder + direct sensor frame_queue (RSUSB)	6	1110127404
d405_720p_rgb_stereo_ir_20260806_192749	REGRESSION_EVIDENCE	被回归/标定/AB/故障报告引用			6	5425247653
d405_720p_rgb_stereo_ir_20260806_233939	LEGACY_DO_NOT_RUN	已由当前标定或RSUSB正式数据替代			6	6727089382
d405_720p_rgb_stereo_ir_20260807_115333	REGRESSION_EVIDENCE	被回归/标定/AB/故障报告引用			6	4566047171
d405_720p_rgb_stereo_ir_20260808_134948	REGRESSION_EVIDENCE	被回归/标定/AB/故障报告引用			10	3452109320
d405_720p_rgb_stereo_ir_20260808_205555	LEGACY_DO_NOT_RUN	结果报告已保留，可在新机按需重录			6	4532789466
d405_720p_rgb_stereo_ir_20260808_205703	LEGACY_DO_NOT_RUN	结果报告已保留，可在新机按需重录			6	4547569347
d405_720p_rgb_stereo_ir_20260808_230503	REGRESSION_EVIDENCE	被回归/标定/AB/故障报告引用			6	4569717134
d405_720p_rgb_stereo_ir_20260809_094342	LEGACY_DO_NOT_RUN	已由当前标定或RSUSB正式数据替代			4	249567431
d405_720p_rgb_stereo_ir_20260809_094450	LEGACY_DO_NOT_RUN	已由当前标定或RSUSB正式数据替代			4	251414625
d405_720p_rgb_stereo_ir_20260809_094811	LEGACY_DO_NOT_RUN	已由当前标定或RSUSB正式数据替代			6	4540191709
d405_720p_rgb_stereo_ir_20260809_102729	LEGACY_DO_NOT_RUN	已由当前标定或RSUSB正式数据替代			6	5670617946
d405_720p_rgb_stereo_ir_20260809_111538	REGRESSION_EVIDENCE	被回归/标定/AB/故障报告引用			6	4566043176
d405_720p_rgb_stereo_ir_20260810_000826	LEGACY_DO_NOT_RUN	已由当前标定或RSUSB正式数据替代			5	1244937783
d405_720p_rgb_stereo_ir_20260810_000853	LEGACY_DO_NOT_RUN	已由当前标定或RSUSB正式数据替代			6	3465163186
d405_720p_rgb_stereo_ir_20260810_000943	REGRESSION_EVIDENCE	被回归/标定/AB/故障报告引用			6	3465164511
d405_720p_rgb_stereo_ir_20260810_000943_ffv1prod	REGRESSION_EVIDENCE	被回归/标定/AB/故障报告引用			10	3837668862
d405_720p_rgb_stereo_ir_20260810_200101	LEGACY_DO_NOT_RUN	结果报告已保留，可在新机按需重录			10	6256036838
d405_720p_rgb_stereo_ir_20260811_192956	LEGACY_DO_NOT_RUN	结果报告已保留，可在新机按需重录			7	6740106869
d405_720p_rgb_stereo_ir_20260811_231527	LEGACY_DO_NOT_RUN	已由当前标定或RSUSB正式数据替代	FAIL	rs.recorder + direct sensor frame_queue	6	1093458396
d405_720p_rgb_stereo_ir_20260811_231818	LEGACY_DO_NOT_RUN	已由当前标定或RSUSB正式数据替代	FAIL	rs.recorder + direct sensor frame_queue	6	1087983523
d405_720p_rgb_stereo_ir_20260811_232602	LEGACY_DO_NOT_RUN	已由当前标定或RSUSB正式数据替代	FAIL	rs.recorder + direct sensor frame_queue	6	1095366941
d405_720p_rgb_stereo_ir_20260811_234953	LEGACY_DO_NOT_RUN	已由当前标定或RSUSB正式数据替代	FAIL	rs.recorder + direct sensor frame_queue	6	1025199756
d405_720p_rgb_stereo_ir_20260811_235350	LEGACY_DO_NOT_RUN	已由当前标定或RSUSB正式数据替代	FAIL	rs.recorder + direct sensor frame_queue	6	1041818678
d405_720p_rgb_stereo_ir_20260812_101310	LEGACY_DO_NOT_RUN	已由当前标定或RSUSB正式数据替代			3	417172
d405_720p_rgb_stereo_ir_20260812_101410	LEGACY_DO_NOT_RUN	结果报告已保留，可在新机按需重录	FAIL	rs.recorder + direct sensor frame_queue	12	5924180684
d405_720p_rgb_stereo_ir_20260812_114728	CURRENT_ACTIVE	RSUSB正式采集PASS	PASS	rs.recorder + direct sensor frame_queue (RSUSB)	34	6651236991
d405_720p_rgb_stereo_ir_20260812_121306	CURRENT_ACTIVE	RSUSB正式采集PASS	PASS	rs.recorder + direct sensor frame_queue (RSUSB)	30	6650731789
d405_720p_rgb_stereo_ir_20260812_151059	LEGACY_DO_NOT_RUN	已由当前标定或RSUSB正式数据替代			3	1938073
d405_720p_rgb_stereo_ir_20260812_151212	CURRENT_ACTIVE	RSUSB正式采集PASS	PASS	rs.recorder + direct sensor frame_queue (RSUSB)	6	6650488483
d405_720p_rgb_stereo_ir_20260812_155253	LEGACY_DO_NOT_RUN	已由当前标定或RSUSB正式数据替代			3	1803339
d405_720p_rgb_stereo_ir_20260812_155408	CURRENT_ACTIVE	RSUSB正式采集PASS	PASS	rs.recorder + direct sensor frame_queue (RSUSB)	6	6651430771
d405_720p_rgb_stereo_ir_20260813_000933	CURRENT_ACTIVE	RSUSB正式采集PASS	PASS	rs.recorder + direct sensor frame_queue (RSUSB)	6	6649518211
d405_720p_rgb_stereo_ir_20260814_123400	CURRENT_ACTIVE	RSUSB正式采集PASS	PASS	rs.recorder + direct sensor frame_queue (RSUSB)	6	11475752207
d405_720p_rgb_stereo_ir_20260814_133306	CURRENT_ACTIVE	RSUSB正式采集PASS	PASS	rs.recorder + direct sensor frame_queue (RSUSB)	6	6649546403
d405_720p_rgb_stereo_ir_20260814_133438	CURRENT_ACTIVE	RSUSB正式采集PASS	PASS	rs.recorder + direct sensor frame_queue (RSUSB)	6	7204582399
d405_720p_rgb_stereo_ir_20260815_101756	LEGACY_DO_NOT_RUN	已由当前标定或RSUSB正式数据替代			3	480532
d405_720p_rgb_stereo_ir_20260815_101814	CURRENT_ACTIVE	RSUSB正式采集PASS	PASS	rs.recorder + direct sensor frame_queue (RSUSB)	6	6648593087
d405_720p_rgb_stereo_ir_20260815_102028	CURRENT_ACTIVE	RSUSB正式采集PASS	PASS	rs.recorder + direct sensor frame_queue (RSUSB)	6	6096302846
d405_720p_rgb_stereo_ir_20260815_102312	CURRENT_ACTIVE	RSUSB正式采集PASS	PASS	rs.recorder + direct sensor frame_queue (RSUSB)	6	7202741874
d405_720p_rgb_stereo_ir_20260815_105119	CURRENT_ACTIVE	RSUSB正式采集PASS	PASS	rs.recorder + direct sensor frame_queue (RSUSB)	6	7203663576
d405_720p_rgb_stereo_ir_20260815_105250	CURRENT_ACTIVE	RSUSB正式采集PASS	PASS	rs.recorder + direct sensor frame_queue (RSUSB)	6	7759648045
d405_720p_rgb_stereo_ir_20260815_111817	CURRENT_ACTIVE	RSUSB正式采集PASS	PASS	rs.recorder + direct sensor frame_queue (RSUSB)	6	7759639293
d405_720p_rgb_stereo_ir_20260815_112056	CURRENT_ACTIVE	RSUSB正式采集PASS	PASS	rs.recorder + direct sensor frame_queue (RSUSB)	6	7757775301
d405_720p_rgb_stereo_ir_20260815_113838	CURRENT_ACTIVE	RSUSB正式采集PASS	PASS	rs.recorder + direct sensor frame_queue (RSUSB)	6	1106447693
d405_720p_rgb_stereo_ir_20260815_114757	CURRENT_ACTIVE	RSUSB正式采集PASS	PASS	rs.recorder + direct sensor frame_queue (RSUSB)	6	1106443571
d405_four_stream_20260803_212414	LEGACY_DO_NOT_RUN	已由当前标定或RSUSB正式数据替代			13	555197730
d405_four_stream_20260803_212647	LEGACY_DO_NOT_RUN	已由当前标定或RSUSB正式数据替代			13	1133239317
d405_four_stream_20260804_143635	LEGACY_DO_NOT_RUN	已由当前标定或RSUSB正式数据替代			13	1123222459
d405_mp4_inline_20260808_163227	LEGACY_DO_NOT_RUN	已由当前标定或RSUSB正式数据替代			8	56231290
d405_mp4_inline_20260808_163454	LEGACY_DO_NOT_RUN	已由当前标定或RSUSB正式数据替代			8	60649397
d405_mp4_inline_20260808_163546	LEGACY_DO_NOT_RUN	已由当前标定或RSUSB正式数据替代			8	40543543
d405_mp4_inline_20260808_163609	LEGACY_DO_NOT_RUN	已由当前标定或RSUSB正式数据替代			8	39973479
d405_mp4_inline_20260808_163752	LEGACY_DO_NOT_RUN	已由当前标定或RSUSB正式数据替代			9	41785580
d405_mp4_inline_20260808_164853	LEGACY_DO_NOT_RUN	已由当前标定或RSUSB正式数据替代			9	44701545
d405_mp4_inline_20260808_164915	LEGACY_DO_NOT_RUN	已由当前标定或RSUSB正式数据替代			9	45311889
d405_mp4_inline_20260808_164938	LEGACY_DO_NOT_RUN	已由当前标定或RSUSB正式数据替代			9	47975801
d405_mp4_inline_20260810_183547	LEGACY_DO_NOT_RUN	已由当前标定或RSUSB正式数据替代			9	309400604
d405_mp4_inline_20260810_183707	LEGACY_DO_NOT_RUN	已由当前标定或RSUSB正式数据替代			9	541660680
d405_mp4_inline_20260810_184028	LEGACY_DO_NOT_RUN	已由当前标定或RSUSB正式数据替代			9	606546322
d405_mp4_inline_20260810_200218	LEGACY_DO_NOT_RUN	结果报告已保留，可在新机按需重录			9	567222286
d405_native_smoke_20260803_2114	LEGACY_DO_NOT_RUN	已由当前标定或RSUSB正式数据替代			18	450777069
d405_nvenc_20260808_123222	LEGACY_DO_NOT_RUN	已由当前标定或RSUSB正式数据替代			9	3367462957
d405_supported3_20260803_220756	LEGACY_DO_NOT_RUN	已由当前标定或RSUSB正式数据替代			13	340904708
d405_supported3_20260803_221623	LEGACY_DO_NOT_RUN	已由当前标定或RSUSB正式数据替代			13	248875684
diagnostic_ab_20260802_164311	LEGACY_DO_NOT_RUN	已由当前标定或RSUSB正式数据替代			1255	142283907
imu_only_formal_20260802_165628	LEGACY_DO_NOT_RUN	已由当前标定或RSUSB正式数据替代			2752	296921086
imu_static_20260807_234253	REGRESSION_EVIDENCE	被回归/标定/AB/故障报告引用			5	589117685
motion_accept_20260802	LEGACY_DO_NOT_RUN	已由当前标定或RSUSB正式数据替代			2554	132529758
pre_calib_720p_smoke	LEGACY_DO_NOT_RUN	已由当前标定或RSUSB正式数据替代			269	32266676
session_20260802_002210	LEGACY_DO_NOT_RUN	已由当前标定或RSUSB正式数据替代			869	28629976
session_20260802_004908	LEGACY_DO_NOT_RUN	已由当前标定或RSUSB正式数据替代			2646	96635006
session_20260804_182652	LEGACY_DO_NOT_RUN	已由当前标定或RSUSB正式数据替代			3	0
static_clock_20260802	LEGACY_DO_NOT_RUN	已由当前标定或RSUSB正式数据替代			970	57079469
static_clock_frozen_20260802	LEGACY_DO_NOT_RUN	已由当前标定或RSUSB正式数据替代			716	41971784
