frame_id,t_sec,sim3_scale
0,0.0,1.0
1,0.03333333507180214,0.9660133719444275
2,0.06666667014360428,0.9842332601547241
3,0.10000000149011612,0.9486964344978333
4,0.13333334028720856,0.9446154832839966
5,0.1666666716337204,0.9489358067512512
6,0.20000000298023224,0.9370986819267273
7,0.23333333432674408,0.934025228023529
8,0.2666666805744171,0.9497406482696533
9,0.30000001192092896,0.9195150136947632
10,0.3333333432674408,0.9171399474143982
11,0.36666667461395264,0.9123789072036743
12,0.4000000059604645,0.9552664756774902
13,0.4333333373069763,0.9195150136947632
14,0.46666666865348816,0.916265606880188
15,0.5,0.9413544535636902
16,0.5333333611488342,0.8904420137405396
17,0.5666666626930237,0.890670120716095
18,0.6000000238418579,0.8766081929206848
19,0.6333333253860474,0.9216942191123962
20,0.6666666865348816,0.9191603064537048
21,0.699999988079071,0.9117780327796936
22,0.7333333492279053,0.8897396326065063
23,0.7666666507720947,0.9267828464508057
24,0.800000011920929,0.8980677127838135
25,0.8333333134651184,0.9064896106719971
26,0.8666666746139526,0.914058268070221
27,0.8999999761581421,0.8863799571990967
28,0.9333333373069763,0.9142589569091797
29,0.9666666388511658,0.9054007530212402
30,1.0,0.9048880338668823
31,1.0333333015441895,0.9428658485412598
32,1.0666667222976685,0.9371305704116821
33,1.100000023841858,0.9057143330574036
34,1.1333333253860474,0.9039653539657593
35,1.1666666269302368,0.8937723636627197
36,1.2000000476837158,0.9086064696311951
37,1.2333333492279053,0.9088693261146545
38,1.2666666507720947,0.9093203544616699
39,1.2999999523162842,0.8915072679519653
40,1.3333333730697632,0.8755288124084473
41,1.3666666746139526,0.9029743671417236
42,1.399999976158142,0.9014888405799866
43,1.4333332777023315,0.8849727511405945
44,1.4666666984558105,0.8873459100723267
45,1.5,0.9056952595710754
46,1.5333333015441895,0.8987551927566528
47,1.5666667222976685,0.9088246822357178
48,1.600000023841858,0.8848860263824463
49,1.6333333253860474,0.8860440850257874
50,1.6666666269302368,0.9053436517715454
51,1.7000000476837158,0.8961568474769592
52,1.7333333492279053,0.896920919418335
53,1.7666666507720947,0.9097063541412354
54,1.7999999523162842,0.9038183093070984
55,1.8333333730697632,0.8757494688034058
56,1.8666666746139526,0.8860430121421814
57,1.899999976158142,0.8628011345863342
58,1.9333332777023315,0.8954430818557739
59,1.9666666984558105,0.8866751194000244
60,2.0,0.8718364834785461
61,2.0333333015441895,0.8913530111312866
62,2.066666603088379,0.8944465517997742
63,2.0999999046325684,0.8821492195129395
64,2.133333444595337,0.8771170377731323
65,2.1666667461395264,0.8911195397377014
66,2.200000047683716,0.891472339630127
67,2.2333333492279053,0.8792674541473389
68,2.2666666507720947,0.8812121748924255
69,2.299999952316284,0.8713881969451904
70,2.3333332538604736,0.9024659991264343
71,2.366666555404663,0.8679607510566711
72,2.4000000953674316,0.8777207732200623
73,2.433333396911621,0.8830476999282837
74,2.4666666984558105,0.8904473781585693
75,2.5,0.8722065091133118
76,2.5333333015441895,0.9013417959213257
77,2.566666603088379,0.8760111331939697
78,2.5999999046325684,0.866239070892334
79,2.633333444595337,0.8640812039375305
80,2.6666667461395264,0.8944075703620911
81,2.700000047683716,0.8879677057266235
82,2.7333333492279053,0.8544197082519531
83,2.7666666507720947,0.8688410520553589
84,2.799999952316284,0.8736038208007812
85,2.8333332538604736,0.8791794776916504
86,2.866666555404663,0.880633533000946
87,2.9000000953674316,0.8666556477546692
88,2.933333396911621,0.8651465773582458
89,2.9666666984558105,0.8715459108352661
90,3.0,0.8698239922523499
91,3.0333333015441895,0.8615384697914124
92,3.066666603088379,0.8802361488342285
93,3.0999999046325684,0.9019709825515747
94,3.133333444595337,0.8538227677345276
95,3.1666667461395264,0.859931230545044
96,3.200000047683716,0.8563239574432373
97,3.2333333492279053,0.8575419783592224
98,3.2666666507720947,0.8708047866821289
99,3.299999952316284,0.8686415553092957
100,3.3333332538604736,0.8813762664794922
101,3.366666555404663,0.8659648895263672
102,3.4000000953674316,0.8852682113647461
103,3.433333396911621,0.8803953528404236
104,3.4666666984558105,0.865296483039856
105,3.5,0.8744160532951355
106,3.5333333015441895,0.8704369068145752
107,3.566666603088379,0.843680739402771
108,3.5999999046325684,0.8610149621963501
109,3.633333444595337,0.8573304414749146
110,3.6666667461395264,0.8669568300247192
111,3.700000047683716,0.8804478645324707
112,3.7333333492279053,0.8607558608055115
113,3.7666666507720947,0.881319522857666
114,3.799999952316284,0.8736206889152527
115,3.8333332538604736,0.8537036180496216
116,3.866666555404663,0.8637893199920654
117,3.9000000953674316,0.8688441514968872
118,3.933333396911621,0.820965588092804
119,3.9666666984558105,0.8683863282203674
120,4.0,0.8448296189308167
121,4.0333333015441895,0.853215754032135
122,4.066666603088379,0.8793531060218811
123,4.099999904632568,0.8522541522979736
124,4.133333206176758,0.8650565147399902
125,4.166666507720947,0.860228955745697
126,4.199999809265137,0.8649260997772217
127,4.233333110809326,0.8502948880195618
128,4.266666889190674,0.8675662875175476
129,4.300000190734863,0.8775129318237305
130,4.333333492279053,0.8648126721382141
131,4.366666793823242,0.8864337801933289
132,4.400000095367432,0.8350679278373718
133,4.433333396911621,0.8316815495491028
134,4.4666666984558105,0.8673514127731323
135,4.5,0.8603097796440125
136,4.5333333015441895,0.8576321601867676
137,4.566666603088379,0.8636376857757568
138,4.599999904632568,0.8318599462509155
139,4.633333206176758,0.8542082905769348
140,4.666666507720947,0.8641397356987
141,4.699999809265137,0.8545031547546387
142,4.733333110809326,0.8780208826065063
143,4.766666889190674,0.859703004360199
144,4.800000190734863,0.8454033732414246
145,4.833333492279053,0.8701543211936951
146,4.866666793823242,0.8713937401771545
147,4.900000095367432,0.8615656495094299
148,4.933333396911621,0.8524872660636902
149,4.9666666984558105,0.8467395305633545
150,5.0,0.8598192930221558
151,5.0333333015441895,0.8458905220031738
152,5.066666603088379,0.8535420894622803
153,5.099999904632568,0.8727266788482666
154,5.133333206176758,0.8567036390304565
155,5.166666507720947,0.8486995100975037
156,5.199999809265137,0.8438242673873901
157,5.233333110809326,0.8758556246757507
158,5.266666889190674,0.8430588841438293
159,5.300000190734863,0.8964611887931824
160,5.333333492279053,0.8660385608673096
161,5.366666793823242,0.8581234812736511
162,5.400000095367432,0.8719056248664856
163,5.433333396911621,0.8469693064689636
164,5.4666666984558105,0.8340256214141846
165,5.5,0.8500650525093079
166,5.5333333015441895,0.8380706310272217
167,5.566666603088379,0.8607260584831238
168,5.599999904632568,0.8549569249153137
169,5.633333206176758,0.8479555249214172
170,5.666666507720947,0.8457733392715454
171,5.699999809265137,0.8534559011459351
172,5.733333110809326,0.8638920187950134
173,5.766666889190674,0.8684805631637573
174,5.800000190734863,0.8641305565834045
175,5.833333492279053,0.8459171056747437
176,5.866666793823242,0.8700326681137085
177,5.900000095367432,0.8690431118011475
178,5.933333396911621,0.8445203900337219
179,5.9666666984558105,0.8674081563949585
180,6.0,0.8830938935279846
181,6.0333333015441895,0.8559448719024658
182,6.066666603088379,0.8486664295196533
183,6.099999904632568,0.8643763065338135
184,6.133333206176758,0.8549468517303467
185,6.166666507720947,0.8650057315826416
186,6.199999809265137,0.8414254784584045
187,6.233333110809326,0.8699249625205994
188,6.266666889190674,0.8566693067550659
189,6.300000190734863,0.8581069707870483
190,6.333333492279053,0.8506827354431152
191,6.366666793823242,0.8518478274345398
192,6.400000095367432,0.8491135239601135
193,6.433333396911621,0.8359793424606323
194,6.4666666984558105,0.8605931997299194
195,6.5,0.8791311979293823
196,6.5333333015441895,0.824257493019104
197,6.566666603088379,0.848345935344696
198,6.599999904632568,0.844447135925293
199,6.633333206176758,0.8280705213546753
200,6.666666507720947,0.8519104719161987
201,6.699999809265137,0.87137371301651
202,6.733333110809326,0.8352856040000916
203,6.766666889190674,0.865932285785675
204,6.800000190734863,0.8411439061164856
205,6.833333492279053,0.8431136608123779
206,6.866666793823242,0.865643322467804
207,6.900000095367432,0.843969464302063
208,6.933333396911621,0.8326383233070374
209,6.9666666984558105,0.8467260599136353
210,7.0,0.8698604702949524
211,7.0333333015441895,0.8428395390510559
212,7.066666603088379,0.8697046041488647
213,7.099999904632568,0.8505115509033203
214,7.133333206176758,0.8356935977935791
215,7.166666507720947,0.8545288443565369
216,7.199999809265137,0.8685953617095947
217,7.233333110809326,0.8403244614601135
218,7.266666889190674,0.8423188328742981
219,7.300000190734863,0.8533878922462463
220,7.333333492279053,0.8456448912620544
221,7.366666793823242,0.8441132307052612
222,7.400000095367432,0.8570323586463928
223,7.433333396911621,0.8412171006202698
224,7.4666666984558105,0.8454870581626892
225,7.5,0.8517019748687744
226,7.5333333015441895,0.8560970425605774
227,7.566666603088379,0.8395851850509644
228,7.599999904632568,0.8570914268493652
229,7.633333206176758,0.8367798328399658
230,7.666666507720947,0.8449934124946594
231,7.699999809265137,0.850161612033844
232,7.733333110809326,0.8518787622451782
233,7.766666889190674,0.8475117087364197
234,7.800000190734863,0.8587832450866699
235,7.833333492279053,0.8436446785926819
236,7.866666793823242,0.8365663290023804
237,7.900000095367432,0.8636548519134521
238,7.933333396911621,0.8383247256278992
239,7.9666666984558105,0.8253391981124878
240,8.0,0.8522136211395264
241,8.033333778381348,0.8455014824867249
242,8.066666603088379,0.8705421090126038
243,8.100000381469727,0.8458892703056335
244,8.133333206176758,0.8432354927062988
245,8.166666984558105,0.8447011113166809
246,8.199999809265137,0.855462372303009
247,8.233333587646484,0.8392122387886047
248,8.266666412353516,0.8283364176750183
249,8.300000190734863,0.8198208808898926
250,8.333333015441895,0.7341647148132324
251,8.366666793823242,0.6599354147911072
252,8.399999618530273,0.5390653014183044
253,8.433333396911621,0.6017155051231384
254,8.466666221618652,0.5842152237892151
255,8.5,0.5745036005973816
256,8.533333778381348,0.6282338500022888
257,8.566666603088379,0.6376175880432129
258,8.600000381469727,0.6095520257949829
259,8.633333206176758,0.6333990693092346
260,8.666666984558105,0.6671407222747803
261,8.699999809265137,0.6071536540985107
262,8.733333587646484,0.629144549369812
263,8.766666412353516,0.6287106275558472
264,8.800000190734863,0.6169223785400391
265,8.833333015441895,0.6095492243766785
266,8.866666793823242,0.6469123363494873
267,8.899999618530273,0.6103146076202393
268,8.933333396911621,0.621779203414917
269,8.966666221618652,0.22355106472969055
270,9.0,0.22903989255428314
271,9.033333778381348,0.23203308880329132
272,9.066666603088379,0.2341088354587555
273,9.100000381469727,0.21021129190921783
274,9.133333206176758,0.21025805175304413
275,9.166666984558105,0.21021808683872223
276,9.199999809265137,0.2278166562318802
277,9.233333587646484,0.22149555385112762
278,9.266666412353516,0.23467954993247986
279,9.300000190734863,0.23206427693367004
280,9.333333015441895,0.22740060091018677
281,9.366666793823242,0.24491006135940552
282,9.399999618530273,0.2562766969203949
283,9.433333396911621,0.2505561411380768
284,9.466666221618652,0.22981484234333038
285,9.5,0.2486000955104828
286,9.533333778381348,0.2452632486820221
287,9.566666603088379,0.2755090296268463
288,9.600000381469727,0.27115756273269653
289,9.633333206176758,0.277682363986969
290,9.666666984558105,0.2961595356464386
291,9.699999809265137,0.3226034641265869
292,9.733333587646484,0.33786559104919434
293,9.766666412353516,0.38009682297706604
294,9.800000190734863,0.40223389863967896
295,9.833333015441895,0.4106963276863098
296,9.866666793823242,0.46271008253097534
297,9.899999618530273,0.5053989887237549
298,9.933333396911621,0.5499284267425537
299,9.966666221618652,0.5855756998062134
300,10.0,0.6209865808486938
301,10.033333778381348,0.623955488204956
302,10.066666603088379,0.7948160767555237
303,10.100000381469727,0.9176509976387024
304,10.133333206176758,0.9114387035369873
305,10.166666984558105,0.9540278911590576
306,10.199999809265137,1.0351632833480835
307,10.233333587646484,1.086590051651001
308,10.266666412353516,1.0812817811965942
309,10.300000190734863,1.115639567375183
310,10.333333015441895,1.0891739130020142
311,10.366666793823242,1.11612868309021
312,10.399999618530273,0.9852907061576843
313,10.433333396911621,1.0075498819351196
314,10.466666221618652,0.9819695353507996
315,10.5,1.0290307998657227
316,10.533333778381348,1.0167962312698364
317,10.566666603088379,0.9768606424331665
318,10.600000381469727,0.9852175116539001
319,10.633333206176758,0.9882109761238098
320,10.666666984558105,0.9534899592399597
321,10.699999809265137,0.9413778781890869
322,10.733333587646484,0.9337934851646423
323,10.766666412353516,0.964949905872345
324,10.800000190734863,0.9236220121383667
325,10.833333015441895,0.8764659762382507
326,10.866666793823242,0.8395323753356934
327,10.899999618530273,0.8123323917388916
328,10.933333396911621,0.8055444955825806
329,10.966666221618652,0.8047313690185547
330,11.0,0.7923535108566284
331,11.033333778381348,0.8030898571014404
332,11.066666603088379,0.7870506048202515
333,11.100000381469727,0.7739320397377014
334,11.133333206176758,0.7866582870483398
335,11.166666984558105,0.7860607504844666
336,11.199999809265137,0.7856850624084473
337,11.233333587646484,0.8154882788658142
338,11.266666412353516,0.7823047041893005
339,11.300000190734863,0.7798815965652466
340,11.333333015441895,0.7933410406112671
341,11.366666793823242,0.8031100630760193
342,11.399999618530273,0.7712898254394531
343,11.433333396911621,0.8028972744941711
344,11.466666221618652,0.8086413145065308
345,11.5,0.7785120010375977
346,11.533333778381348,0.7874072790145874
347,11.566666603088379,0.81232750415802
348,11.600000381469727,0.7649918794631958
349,11.633333206176758,0.763018012046814
350,11.666666984558105,0.7858874797821045
351,11.699999809265137,0.7709954380989075
352,11.733333587646484,0.8020408749580383
353,11.766666412353516,0.7969191670417786
354,11.800000190734863,0.7975373268127441
355,11.833333015441895,0.7983138561248779
356,11.866666793823242,0.8604395389556885
357,11.899999618530273,0.8558580279350281
358,11.933333396911621,0.8593234419822693
359,11.966666221618652,0.8306862711906433
360,12.0,0.8458454608917236
361,12.033333778381348,0.8597886562347412
362,12.066666603088379,0.9182384014129639
363,12.100000381469727,0.8937621116638184
364,12.133333206176758,0.8859020471572876
365,12.166666984558105,0.8869490623474121
366,12.199999809265137,0.8533356189727783
367,12.233333587646484,0.8678863048553467
368,12.266666412353516,0.8939558267593384
369,12.300000190734863,0.8966625332832336
370,12.333333015441895,0.8748921155929565
371,12.366666793823242,0.8592052459716797
372,12.399999618530273,0.8492892980575562
373,12.433333396911621,0.8630075454711914
374,12.466666221618652,0.8682674765586853
375,12.5,0.8592610955238342
376,12.533333778381348,0.7299880385398865
377,12.566666603088379,0.7097641229629517
378,12.600000381469727,0.7174329161643982
379,12.633333206176758,0.7304949760437012
380,12.666666984558105,0.6727002859115601
381,12.699999809265137,0.7374096512794495
382,12.733333587646484,0.6965538859367371
383,12.766666412353516,0.7151840329170227
384,12.800000190734863,0.6899246573448181
385,12.833333015441895,0.6337668895721436
386,12.866666793823242,0.6618158221244812
387,12.899999618530273,0.642008364200592
388,12.933333396911621,0.6105909943580627
389,12.966666221618652,0.6284196376800537
390,13.0,0.223445326089859
391,13.033333778381348,0.21800921857357025
392,13.066666603088379,0.19738894701004028
393,13.100000381469727,0.19194923341274261
394,13.133333206176758,0.18099889159202576
395,13.166666984558105,0.1911918818950653
396,13.199999809265137,0.1917964071035385
397,13.233333587646484,0.1887315809726715
398,13.266666412353516,0.19665542244911194
399,13.300000190734863,0.19869805872440338
400,13.333333015441895,0.19964651763439178
401,13.366666793823242,0.1991807073354721
402,13.399999618530273,0.2105489820241928
403,13.433333396911621,0.1845719963312149
404,13.466666221618652,0.17267261445522308
405,13.5,0.16404905915260315
406,13.533333778381348,0.1708502322435379
407,13.566666603088379,0.16705936193466187
408,13.600000381469727,0.17150883376598358
409,13.633333206176758,0.16442807018756866
410,13.666666984558105,0.1699157953262329
411,13.699999809265137,0.17293012142181396
412,13.733333587646484,0.17575740814208984
413,13.766666412353516,0.17935198545455933
414,13.800000190734863,0.17914101481437683
415,13.833333015441895,0.18760232627391815
416,13.866666793823242,0.1490039825439453
417,13.899999618530273,0.14386595785617828
418,13.933333396911621,0.13931119441986084
419,13.966666221618652,0.14339089393615723
420,14.0,0.15534473955631256
421,14.033333778381348,0.1440306156873703
422,14.066666603088379,0.14323273301124573
423,14.100000381469727,0.1338968127965927
424,14.133333206176758,0.12935495376586914
425,14.166666984558105,0.13349096477031708
426,14.199999809265137,0.13599742949008942
427,14.233333587646484,0.13198186457157135
428,14.266666412353516,0.1263035237789154
429,14.300000190734863,0.12962329387664795
430,14.333333015441895,0.12848110496997833
431,14.366666793823242,0.12742866575717926
432,14.399999618530273,0.12867003679275513
433,14.433333396911621,0.12948578596115112
434,14.466666221618652,0.13379459083080292
435,14.5,0.133213073015213
436,14.533333778381348,0.13653220236301422
437,14.566666603088379,0.1366758942604065
438,14.600000381469727,0.14430534839630127
439,14.633333206176758,0.125463604927063
440,14.666666984558105,0.12484613060951233
441,14.699999809265137,0.12086696922779083
442,14.733333587646484,0.1212688609957695
443,14.766666412353516,0.12226469069719315
444,14.800000190734863,0.1247744932770729
445,14.833333015441895,0.1253870278596878
446,14.866666793823242,0.1265522986650467
447,14.899999618530273,0.12337208539247513
448,14.933333396911621,0.12417801469564438
449,14.966666221618652,0.12589210271835327
450,15.0,0.1178944930434227
451,15.033333778381348,0.11929740756750107
452,15.066666603088379,0.12448624521493912
453,15.100000381469727,0.12328050285577774
454,15.133333206176758,0.12252297252416611
455,15.166666984558105,0.11952555179595947
456,15.199999809265137,0.11876654624938965
457,15.233333587646484,0.12086010724306107
458,15.266666412353516,0.1170114055275917
459,15.300000190734863,0.12113791704177856
460,15.333333015441895,0.12183491140604019
461,15.366666793823242,0.1106027290225029
462,15.399999618530273,0.12183990329504013
463,15.433333396911621,0.11845392733812332
464,15.466666221618652,0.12708459794521332
465,15.5,0.12540726363658905
466,15.533333778381348,0.12307281047105789
467,15.566666603088379,0.12193894386291504
468,15.600000381469727,0.12804317474365234
469,15.633333206176758,0.12801475822925568
470,15.666666984558105,0.12367764115333557
471,15.699999809265137,0.12451865524053574
472,15.733333587646484,0.12569399178028107
473,15.766666412353516,0.12198144942522049
474,15.800000190734863,0.1230316236615181
475,15.833333015441895,0.1253579705953598
476,15.866666793823242,0.127788707613945
477,15.899999618530273,0.12473464757204056
478,15.933333396911621,0.12761782109737396
479,15.966666221618652,0.12788400053977966
480,16.0,0.13056416809558868
481,16.03333282470703,0.13046947121620178
482,16.066667556762695,0.12963195145130157
483,16.100000381469727,0.1354425549507141
484,16.133333206176758,0.14186887443065643
485,16.16666603088379,0.15059016644954681
486,16.200000762939453,0.17449526488780975
487,16.233333587646484,0.17828886210918427
488,16.266666412353516,0.1813656985759735
489,16.299999237060547,0.19424055516719818
490,16.33333396911621,0.18448898196220398
491,16.366666793823242,0.19477400183677673
492,16.399999618530273,0.21137747168540955
493,16.433332443237305,0.22908362746238708
494,16.46666717529297,0.23916715383529663
495,16.5,0.250166654586792
496,16.53333282470703,0.23517116904258728
497,16.566667556762695,0.24591676890850067
498,16.600000381469727,0.22404615581035614
499,16.633333206176758,0.22986622154712677
500,16.66666603088379,0.2746132016181946
501,16.700000762939453,0.28050822019577026
502,16.733333587646484,0.25225165486335754
503,16.766666412353516,0.3241773247718811
504,16.799999237060547,0.3175942897796631
505,16.83333396911621,0.30505773425102234
506,16.866666793823242,0.30726778507232666
507,16.899999618530273,0.31758108735084534
508,16.933332443237305,0.28996697068214417
509,16.96666717529297,0.2787397801876068
510,17.0,0.29220789670944214
511,17.03333282470703,0.2870390713214874
512,17.066667556762695,0.29167914390563965
513,17.100000381469727,0.29674413800239563
514,17.133333206176758,0.2879384756088257
515,17.16666603088379,0.2989497482776642
516,17.200000762939453,0.28596463799476624
517,17.233333587646484,0.2610061764717102
518,17.266666412353516,0.27821579575538635
519,17.299999237060547,0.2914263606071472
520,17.33333396911621,0.2680657207965851
521,17.366666793823242,0.26765352487564087
522,17.399999618530273,0.22853250801563263
523,17.433332443237305,0.22500786185264587
524,17.46666717529297,0.24909605085849762
525,17.5,0.24813850224018097
526,17.53333282470703,0.25204896926879883
527,17.566667556762695,0.26773589849472046
528,17.600000381469727,0.2617388367652893
529,17.633333206176758,0.26351526379585266
530,17.66666603088379,0.27254626154899597
531,17.700000762939453,0.28313249349594116
532,17.733333587646484,0.2771383225917816
533,17.766666412353516,0.2867424488067627
534,17.799999237060547,0.30017995834350586
535,17.83333396911621,0.2953733801841736
536,17.866666793823242,0.3055717945098877
537,17.899999618530273,0.3067142963409424
538,17.933332443237305,0.30393296480178833
539,17.96666717529297,0.31201836466789246
540,18.0,0.3169388771057129
541,18.03333282470703,0.2914371192455292
542,18.066667556762695,0.2214881330728531
543,18.100000381469727,0.23955118656158447
544,18.133333206176758,0.22244851291179657
545,18.16666603088379,0.23532964289188385
546,18.200000762939453,0.22928769886493683
547,18.233333587646484,0.21758469939231873
548,18.266666412353516,0.266417920589447
549,18.299999237060547,0.32644015550613403
550,18.33333396911621,0.3035176992416382
551,18.366666793823242,0.27158740162849426
552,18.399999618530273,0.3201811611652374
553,18.433332443237305,0.3040463924407959
554,18.46666717529297,0.2852284014225006
555,18.5,0.2779122292995453
556,18.53333282470703,0.2587457299232483
557,18.566667556762695,0.25988325476646423
558,18.600000381469727,0.24692057073116302
559,18.633333206176758,0.2577936351299286
560,18.66666603088379,0.28680992126464844
561,18.700000762939453,0.28221234679222107
562,18.733333587646484,0.2791082561016083
563,18.766666412353516,0.270989328622818
564,18.799999237060547,0.2606022357940674
565,18.83333396911621,0.25262874364852905
566,18.866666793823242,0.25643429160118103
567,18.899999618530273,0.2663334310054779
568,18.933332443237305,0.2734322249889374
569,18.96666717529297,0.2888934910297394
570,19.0,0.29532110691070557
571,19.03333282470703,0.25988805294036865
572,19.066667556762695,0.2692849934101105
573,19.100000381469727,0.2715407907962799
574,19.133333206176758,0.25156593322753906
575,19.16666603088379,0.2817312479019165
576,19.200000762939453,0.289244681596756
577,19.233333587646484,0.3709222674369812
578,19.266666412353516,0.34782931208610535
579,19.299999237060547,0.31928107142448425
580,19.33333396911621,0.2578953504562378
581,19.366666793823242,0.3057268559932709
582,19.399999618530273,0.317861407995224
583,19.433332443237305,0.3261306583881378
584,19.46666717529297,0.3303731679916382
585,19.5,0.3217261731624603
586,19.53333282470703,0.283048152923584
587,19.566667556762695,0.2333499789237976
588,19.600000381469727,0.2626313865184784
589,19.633333206176758,0.21145203709602356
590,19.66666603088379,0.22789783775806427
591,19.700000762939453,0.22601547837257385
592,19.733333587646484,0.2391737997531891
593,19.766666412353516,0.2313992977142334
594,19.799999237060547,0.23829583823680878
595,19.83333396911621,0.22912120819091797
596,19.866666793823242,0.21971185505390167
597,19.899999618530273,0.1998130828142166
598,19.933332443237305,0.19753943383693695
599,19.96666717529297,0.20563970506191254
600,20.0,0.18616336584091187
601,20.03333282470703,0.14227144420146942
602,20.066667556762695,0.18348854780197144
603,20.100000381469727,0.18133798241615295
604,20.133333206176758,0.1882362961769104
605,20.16666603088379,0.2361816018819809
606,20.200000762939453,0.2128276526927948
607,20.233333587646484,0.18925149738788605
608,20.266666412353516,0.18642443418502808
609,20.299999237060547,0.21986466646194458
610,20.33333396911621,0.20904208719730377
611,20.366666793823242,0.214529886841774
612,20.399999618530273,0.20220310986042023
613,20.433332443237305,0.2255890965461731
