input_index,image,source_frame_number,t_sec
0,0000000000.png,34,1789388504.856495380
1,0000000001.png,35,1789388504.889875650
2,0000000002.png,36,1789388504.923245907
3,0000000003.png,37,1789388504.956605196
4,0000000004.png,38,1789388504.989953279
5,0000000005.png,39,1789388505.023289442
6,0000000006.png,40,1789388505.056615829
7,0000000007.png,41,1789388505.089931011
8,0000000008.png,42,1789388505.123234749
9,0000000009.png,43,1789388505.156527042
10,0000000010.png,44,1789388505.189809084
11,0000000011.png,45,1789388505.223079920
12,0000000012.png,46,1789388505.256338835
13,0000000013.png,47,1789388505.289587736
14,0000000014.png,48,1789388505.322825432
15,0000000015.png,49,1789388505.356052160
16,0000000016.png,50,1789388505.389267206
17,0000000017.png,51,1789388505.422471762
18,0000000018.png,52,1789388505.455665350
19,0000000019.png,53,1789388505.488847971
20,0000000020.png,54,1789388505.522018671
21,0000000021.png,55,1789388505.555178881
22,0000000022.png,56,1789388505.588328600
23,0000000023.png,57,1789388505.621467352
24,0000000024.png,58,1789388505.654839277
25,0000000025.png,59,1789388505.688207626
26,0000000026.png,60,1789388505.721571922
27,0000000027.png,61,1789388505.754931688
28,0000000028.png,62,1789388505.788288593
29,0000000029.png,63,1789388505.821641922
30,0000000030.png,64,1789388505.854990244
31,0000000031.png,65,1789388505.888335943
32,0000000032.png,66,1789388505.921677828
33,0000000033.png,67,1789388505.955015898
34,0000000034.png,68,1789388505.988349199
35,0000000035.png,69,1789388506.021679878
36,0000000036.png,70,1789388506.055006742
37,0000000037.png,71,1789388506.088329792
38,0000000038.png,72,1789388506.121648312
39,0000000039.png,73,1789388506.154963970
40,0000000040.png,74,1789388506.188275576
41,0000000041.png,75,1789388506.221582651
42,0000000042.png,76,1789388506.254886866
43,0000000043.png,77,1789388506.288187504
44,0000000044.png,78,1789388506.321484327
45,0000000045.png,79,1789388506.354776382
46,0000000046.png,80,1789388506.388065577
47,0000000047.png,81,1789388506.421351433
48,0000000048.png,82,1789388506.454632998
49,0000000049.png,83,1789388506.487909794
50,0000000050.png,84,1789388506.521184444
51,0000000051.png,85,1789388506.554454803
52,0000000052.png,86,1789388506.587720394
53,0000000053.png,87,1789388506.620984077
54,0000000054.png,88,1789388506.654236555
55,0000000055.png,89,1789388506.687484026
56,0000000056.png,90,1789388506.720725775
57,0000000057.png,91,1789388506.753963470
58,0000000058.png,92,1789388506.787195683
59,0000000059.png,93,1789388506.820423365
60,0000000060.png,94,1789388506.853645086
61,0000000061.png,95,1789388506.886862516
62,0000000062.png,96,1789388506.920075178
63,0000000063.png,97,1789388506.953281641
64,0000000064.png,98,1789388506.986484051
65,0000000065.png,99,1789388507.019681692
66,0000000066.png,100,1789388507.052874327
67,0000000067.png,101,1789388507.086060762
68,0000000068.png,102,1789388507.119243145
69,0000000069.png,103,1789388507.152420759
70,0000000070.png,104,1789388507.185592175
71,0000000071.png,105,1789388507.218759775
72,0000000072.png,106,1789388507.251922131
73,0000000073.png,107,1789388507.285079479
74,0000000074.png,108,1789388507.318231106
75,0000000075.png,109,1789388507.351378679
76,0000000076.png,110,1789388507.384521008
77,0000000077.png,111,1789388507.417658329
78,0000000078.png,112,1789388507.450789928
79,0000000079.png,113,1789388507.483917475
80,0000000080.png,114,1789388507.517039776
81,0000000081.png,115,1789388507.550156355
82,0000000082.png,116,1789388507.583268881
83,0000000083.png,117,1789388507.616376877
84,0000000084.png,118,1789388507.649706125
85,0000000085.png,119,1789388507.683033705
86,0000000086.png,120,1789388507.716362000
87,0000000087.png,121,1789388507.749690294
88,0000000088.png,122,1789388507.783018112
89,0000000089.png,123,1789388507.816344738
90,0000000090.png,124,1789388507.849672079
91,0000000091.png,125,1789388507.882998943
92,0000000092.png,126,1789388507.916324854
93,0000000093.png,127,1789388507.949651718
94,0000000094.png,128,1789388507.982977867
95,0000000095.png,129,1789388508.016303778
96,0000000096.png,130,1789388508.049628496
97,0000000097.png,131,1789388508.082954168
98,0000000098.png,132,1789388508.116279364
99,0000000099.png,133,1789388508.149604321
100,0000000100.png,134,1789388508.182927847
101,0000000101.png,135,1789388508.216252089
102,0000000102.png,136,1789388508.249576330
103,0000000103.png,137,1789388508.282899141
104,0000000104.png,138,1789388508.316222906
105,0000000105.png,139,1789388508.349546194
106,0000000106.png,140,1789388508.382869482
107,0000000107.png,141,1789388508.416191101
108,0000000108.png,142,1789388508.449513674
109,0000000109.png,143,1789388508.482836008
110,0000000110.png,144,1789388508.516156912
111,0000000111.png,145,1789388508.549478769
112,0000000112.png,146,1789388508.582800388
113,0000000113.png,147,1789388508.616121292
114,0000000114.png,148,1789388508.649452925
115,0000000115.png,149,1789388508.682785511
116,0000000116.png,150,1789388508.716117620
117,0000000117.png,151,1789388508.749449730
118,0000000118.png,152,1789388508.782781124
119,0000000119.png,153,1789388508.816112757
120,0000000120.png,154,1789388508.849444866
121,0000000121.png,155,1789388508.882775307
122,0000000122.png,156,1789388508.916107178
123,0000000123.png,157,1789388508.949438810
124,0000000124.png,158,1789388508.982770205
125,0000000125.png,159,1789388509.016100645
126,0000000126.png,160,1789388509.049431562
127,0000000127.png,161,1789388509.082762957
128,0000000128.png,162,1789388509.116094112
129,0000000129.png,163,1789388509.149423838
130,0000000130.png,164,1789388509.182754755
131,0000000131.png,165,1789388509.216085434
132,0000000132.png,166,1789388509.249414921
133,0000000133.png,167,1789388509.282745600
134,0000000134.png,168,1789388509.316076040
135,0000000135.png,169,1789388509.349406242
136,0000000136.png,170,1789388509.382735252
137,0000000137.png,171,1789388509.416065454
138,0000000138.png,172,1789388509.449395418
139,0000000139.png,173,1789388509.482725382
140,0000000140.png,174,1789388509.516054153
141,0000000141.png,175,1789388509.549383879
142,0000000142.png,176,1789388509.582713366
143,0000000143.png,177,1789388509.616041899
144,0000000144.png,178,1789388509.649376392
145,0000000145.png,179,1789388509.682711124
146,0000000146.png,180,1789388509.716045618
147,0000000147.png,181,1789388509.749379158
148,0000000148.png,182,1789388509.782713652
149,0000000149.png,183,1789388509.816048145
150,0000000150.png,184,1789388509.849381447
151,0000000151.png,185,1789388509.882715702
152,0000000152.png,186,1789388509.916049957
153,0000000153.png,187,1789388509.949384212
154,0000000154.png,188,1789388509.982717514
155,0000000155.png,189,1789388510.016051769
156,0000000156.png,190,1789388510.049385786
157,0000000157.png,191,1789388510.082720041
158,0000000158.png,192,1789388510.116052866
159,0000000159.png,193,1789388510.149386883
160,0000000160.png,194,1789388510.182720900
161,0000000161.png,195,1789388510.216053963
162,0000000162.png,196,1789388510.249387980
163,0000000163.png,197,1789388510.282721758
164,0000000164.png,198,1789388510.316055536
165,0000000165.png,199,1789388510.349388123
166,0000000166.png,200,1789388510.382721901
167,0000000167.png,201,1789388510.416055679
168,0000000168.png,202,1789388510.449389458
169,0000000169.png,203,1789388510.482721806
170,0000000170.png,204,1789388510.516055584
171,0000000171.png,205,1789388510.549389124
172,0000000172.png,206,1789388510.582721710
173,0000000173.png,207,1789388510.616055250
174,0000000174.png,208,1789388510.649391174
175,0000000175.png,209,1789388510.682727098
176,0000000176.png,210,1789388510.716061831
177,0000000177.png,211,1789388510.749397755
178,0000000178.png,212,1789388510.782733679
179,0000000179.png,213,1789388510.816069365
180,0000000180.png,214,1789388510.849404335
181,0000000181.png,215,1789388510.882740021
182,0000000182.png,216,1789388510.916075945
183,0000000183.png,217,1789388510.949410677
184,0000000184.png,218,1789388510.982746363
185,0000000185.png,219,1789388511.016082048
186,0000000186.png,220,1789388511.049417734
187,0000000187.png,221,1789388511.082752466
188,0000000188.png,222,1789388511.116088152
189,0000000189.png,223,1789388511.149423838
190,0000000190.png,224,1789388511.182758570
191,0000000191.png,225,1789388511.216094017
192,0000000192.png,226,1789388511.249429703
193,0000000193.png,227,1789388511.282765388
194,0000000194.png,228,1789388511.316099882
195,0000000195.png,229,1789388511.349435568
196,0000000196.png,230,1789388511.382771015
197,0000000197.png,231,1789388511.416106462
198,0000000198.png,232,1789388511.449440956
199,0000000199.png,233,1789388511.482776642
200,0000000200.png,234,1789388511.516112089
201,0000000201.png,235,1789388511.549446583
202,0000000202.png,236,1789388511.582782030
203,0000000203.png,237,1789388511.616117477
204,0000000204.png,238,1789388511.649459362
205,0000000205.png,239,1789388511.682800531
206,0000000206.png,240,1789388511.716142893
207,0000000207.png,241,1789388511.749484777
208,0000000208.png,242,1789388511.782827377
209,0000000209.png,243,1789388511.816168785
210,0000000210.png,244,1789388511.849511147
211,0000000211.png,245,1789388511.882853508
212,0000000212.png,246,1789388511.916195393
213,0000000213.png,247,1789388511.949537754
214,0000000214.png,248,1789388511.982880592
215,0000000215.png,249,1789388512.016223431
216,0000000216.png,250,1789388512.049565077
217,0000000217.png,251,1789388512.082908154
218,0000000218.png,252,1789388512.116250992
219,0000000219.png,253,1789388512.149594069
220,0000000220.png,254,1789388512.182936192
221,0000000221.png,255,1789388512.216279268
222,0000000222.png,256,1789388512.249622583
223,0000000223.png,257,1789388512.282964945
224,0000000224.png,258,1789388512.316308260
225,0000000225.png,259,1789388512.349651575
226,0000000226.png,260,1789388512.382995129
227,0000000227.png,261,1789388512.416337729
228,0000000228.png,262,1789388512.449681282
229,0000000229.png,263,1789388512.483025074
230,0000000230.png,264,1789388512.516367674
231,0000000231.png,265,1789388512.549711704
232,0000000232.png,266,1789388512.583055496
233,0000000233.png,267,1789388512.616399527
234,0000000234.png,268,1789388512.649738073
235,0000000235.png,269,1789388512.683077574
236,0000000236.png,270,1789388512.716417551
237,0000000237.png,271,1789388512.749757051
238,0000000238.png,272,1789388512.783095837
239,0000000239.png,273,1789388512.816435575
240,0000000240.png,274,1789388512.849775314
241,0000000241.png,275,1789388512.883114338
242,0000000242.png,276,1789388512.916453838
243,0000000243.png,277,1789388512.949793816
244,0000000244.png,278,1789388512.983133554
245,0000000245.png,279,1789388513.016472340
246,0000000246.png,280,1789388513.049812317
247,0000000247.png,281,1789388513.083152056
248,0000000248.png,282,1789388513.116492033
249,0000000249.png,283,1789388513.149830818
250,0000000250.png,284,1789388513.183170557
251,0000000251.png,285,1789388513.216510773
252,0000000252.png,286,1789388513.249849558
253,0000000253.png,287,1789388513.283189774
254,0000000254.png,288,1789388513.316529512
255,0000000255.png,289,1789388513.349869728
256,0000000256.png,290,1789388513.383208513
257,0000000257.png,291,1789388513.416548491
258,0000000258.png,292,1789388513.449888706
259,0000000259.png,293,1789388513.483228445
260,0000000260.png,294,1789388513.516567707
261,0000000261.png,295,1789388513.549907684
262,0000000262.png,296,1789388513.583247900
263,0000000263.png,297,1789388513.616586924
264,0000000264.png,298,1789388513.649924040
265,0000000265.png,299,1789388513.683266401
266,0000000266.png,300,1789388513.716609001
267,0000000267.png,301,1789388513.749950409
268,0000000268.png,302,1789388513.783293247
269,0000000269.png,303,1789388513.816635847
270,0000000270.png,304,1789388513.849977493
271,0000000271.png,305,1789388513.883320093
272,0000000272.png,306,1789388513.916662931
273,0000000273.png,307,1789388513.950005531
274,0000000274.png,308,1789388513.983347654
275,0000000275.png,309,1789388514.016690493
276,0000000276.png,310,1789388514.050033331
277,0000000277.png,311,1789388514.083376169
278,0000000278.png,312,1789388514.116718292
279,0000000279.png,313,1789388514.150061369
280,0000000280.png,314,1789388514.183404446
281,0000000281.png,315,1789388514.216746569
282,0000000282.png,316,1789388514.250089884
283,0000000283.png,317,1789388514.283432961
284,0000000284.png,318,1789388514.316776037
285,0000000285.png,319,1789388514.350118399
286,0000000286.png,320,1789388514.383461952
287,0000000287.png,321,1789388514.416805267
288,0000000288.png,322,1789388514.450148582
289,0000000289.png,323,1789388514.483490944
290,0000000290.png,324,1789388514.516834497
291,0000000291.png,325,1789388514.550178051
292,0000000292.png,326,1789388514.583520651
293,0000000293.png,327,1789388514.616864204
294,0000000294.png,328,1789388514.650207996
295,0000000295.png,329,1789388514.683545589
296,0000000296.png,330,1789388514.716882229
297,0000000297.png,331,1789388514.750220299
298,0000000298.png,332,1789388514.783557892
299,0000000299.png,333,1789388514.816895723
300,0000000300.png,334,1789388514.850232363
301,0000000301.png,335,1789388514.883570194
302,0000000302.png,336,1789388514.916908026
303,0000000303.png,337,1789388514.950244665
304,0000000304.png,338,1789388514.983582497
305,0000000305.png,339,1789388515.016920090
306,0000000306.png,340,1789388515.050257921
307,0000000307.png,341,1789388515.083594799
308,0000000308.png,342,1789388515.116932392
309,0000000309.png,343,1789388515.150269985
310,0000000310.png,344,1789388515.183606863
311,0000000311.png,345,1789388515.216944695
312,0000000312.png,346,1789388515.250282288
313,0000000313.png,347,1789388515.283619881
314,0000000314.png,348,1789388515.316956758
315,0000000315.png,349,1789388515.350294352
316,0000000316.png,350,1789388515.383632183
317,0000000317.png,351,1789388515.416969776
318,0000000318.png,352,1789388515.450306416
319,0000000319.png,353,1789388515.483644247
320,0000000320.png,354,1789388515.516981840
321,0000000321.png,355,1789388515.550318718
322,0000000322.png,356,1789388515.583656311
323,0000000323.png,357,1789388515.616993904
324,0000000324.png,358,1789388515.650331497
325,0000000325.png,359,1789388515.683668852
326,0000000326.png,360,1789388515.717007399
327,0000000327.png,361,1789388515.750345469
328,0000000328.png,362,1789388515.783683777
329,0000000329.png,363,1789388515.817021132
330,0000000330.png,364,1789388515.850359678
331,0000000331.png,365,1789388515.883697748
332,0000000332.png,366,1789388515.917035103
333,0000000333.png,367,1789388515.950373650
334,0000000334.png,368,1789388515.983711958
335,0000000335.png,369,1789388516.017050028
336,0000000336.png,370,1789388516.050387383
337,0000000337.png,371,1789388516.083725929
338,0000000338.png,372,1789388516.117064238
339,0000000339.png,373,1789388516.150402546
340,0000000340.png,374,1789388516.183739901
341,0000000341.png,375,1789388516.217078447
342,0000000342.png,376,1789388516.250416517
343,0000000343.png,377,1789388516.283753872
344,0000000344.png,378,1789388516.317092180
345,0000000345.png,379,1789388516.350430727
346,0000000346.png,380,1789388516.383769035
347,0000000347.png,381,1789388516.417106390
348,0000000348.png,382,1789388516.450444937
349,0000000349.png,383,1789388516.483783245
350,0000000350.png,384,1789388516.517120600
351,0000000351.png,385,1789388516.550458908
352,0000000352.png,386,1789388516.583797455
353,0000000353.png,387,1789388516.617135763
354,0000000354.png,388,1789388516.650473118
355,0000000355.png,389,1789388516.683813095
356,0000000356.png,390,1789388516.717152834
357,0000000357.png,391,1789388516.750492334
358,0000000358.png,392,1789388516.783831358
359,0000000359.png,393,1789388516.817171097
360,0000000360.png,394,1789388516.850511074
361,0000000361.png,395,1789388516.883849859
362,0000000362.png,396,1789388516.917189598
363,0000000363.png,397,1789388516.950529814
364,0000000364.png,398,1789388516.983869553
365,0000000365.png,399,1789388517.017208576
366,0000000366.png,400,1789388517.050548553
367,0000000367.png,401,1789388517.083888769
368,0000000368.png,402,1789388517.117228508
369,0000000369.png,403,1789388517.150567532
370,0000000370.png,404,1789388517.183907747
371,0000000371.png,405,1789388517.217247725
372,0000000372.png,406,1789388517.250586987
373,0000000373.png,407,1789388517.283926964
374,0000000374.png,408,1789388517.317267179
375,0000000375.png,409,1789388517.350607157
376,0000000376.png,410,1789388517.383946419
377,0000000377.png,411,1789388517.417286634
378,0000000378.png,412,1789388517.450626850
379,0000000379.png,413,1789388517.483967066
380,0000000380.png,414,1789388517.517306328
381,0000000381.png,415,1789388517.550646782
382,0000000382.png,416,1789388517.583986998
383,0000000383.png,417,1789388517.617326498
384,0000000384.png,418,1789388517.650666714
385,0000000385.png,419,1789388517.684007406
386,0000000386.png,420,1789388517.717348099
387,0000000387.png,421,1789388517.750687838
388,0000000388.png,422,1789388517.784028530
389,0000000389.png,423,1789388517.817369223
390,0000000390.png,424,1789388517.850708961
391,0000000391.png,425,1789388517.884049892
392,0000000392.png,426,1789388517.917390585
393,0000000393.png,427,1789388517.950731516
394,0000000394.png,428,1789388517.984071255
395,0000000395.png,429,1789388518.017412424
396,0000000396.png,430,1789388518.050753117
397,0000000397.png,431,1789388518.084094048
398,0000000398.png,432,1789388518.117434025
399,0000000399.png,433,1789388518.150775194
400,0000000400.png,434,1789388518.184115887
401,0000000401.png,435,1789388518.217456102
402,0000000402.png,436,1789388518.250797033
403,0000000403.png,437,1789388518.284138203
404,0000000404.png,438,1789388518.317479134
405,0000000405.png,439,1789388518.350819588
406,0000000406.png,440,1789388518.384160757
407,0000000407.png,441,1789388518.417501688
408,0000000408.png,442,1789388518.450843096
409,0000000409.png,443,1789388518.484183073
410,0000000410.png,444,1789388518.517524481
411,0000000411.png,445,1789388518.550865650
412,0000000412.png,446,1789388518.584206104
413,0000000413.png,447,1789388518.617547274
414,0000000414.png,448,1789388518.650888681
415,0000000415.png,449,1789388518.684227467
416,0000000416.png,450,1789388518.717565536
417,0000000417.png,451,1789388518.750904322
418,0000000418.png,452,1789388518.784243107
419,0000000419.png,453,1789388518.817582130
420,0000000420.png,454,1789388518.850919962
421,0000000421.png,455,1789388518.884258747
422,0000000422.png,456,1789388518.917598009
423,0000000423.png,457,1789388518.950935841
424,0000000424.png,458,1789388518.984274626
425,0000000425.png,459,1789388519.017613888
426,0000000426.png,460,1789388519.050952673
427,0000000427.png,461,1789388519.084290504
428,0000000428.png,462,1789388519.117629528
429,0000000429.png,463,1789388519.150968552
430,0000000430.png,464,1789388519.184306622
431,0000000431.png,465,1789388519.217645407
432,0000000432.png,466,1789388519.250984669
433,0000000433.png,467,1789388519.284323692
434,0000000434.png,468,1789388519.317661524
435,0000000435.png,469,1789388519.351000786
436,0000000436.png,470,1789388519.384339809
437,0000000437.png,471,1789388519.417678595
438,0000000438.png,472,1789388519.451016903
439,0000000439.png,473,1789388519.484355927
440,0000000440.png,474,1789388519.517694950
441,0000000441.png,475,1789388519.551033258
442,0000000442.png,476,1789388519.584372282
443,0000000443.png,477,1789388519.617711544
444,0000000444.png,478,1789388519.651050568
445,0000000445.png,479,1789388519.684388161
446,0000000446.png,480,1789388519.717726707
447,0000000447.png,481,1789388519.751065493
448,0000000448.png,482,1789388519.784404278
449,0000000449.png,483,1789388519.817741871
450,0000000450.png,484,1789388519.851080656
451,0000000451.png,485,1789388519.884419441
452,0000000452.png,486,1789388519.917757034
453,0000000453.png,487,1789388519.951095819
454,0000000454.png,488,1789388519.984434605
455,0000000455.png,489,1789388520.017773151
456,0000000456.png,490,1789388520.051110983
457,0000000457.png,491,1789388520.084449768
458,0000000458.png,492,1789388520.117788553
459,0000000459.png,493,1789388520.151127338
460,0000000460.png,494,1789388520.184465170
461,0000000461.png,495,1789388520.217803955
462,0000000462.png,496,1789388520.251142740
463,0000000463.png,497,1789388520.284480572
464,0000000464.png,498,1789388520.317819357
465,0000000465.png,499,1789388520.351158142
466,0000000466.png,500,1789388520.384497166
467,0000000467.png,501,1789388520.417834997
468,0000000468.png,502,1789388520.451173544
469,0000000469.png,503,1789388520.484512568
470,0000000470.png,504,1789388520.517850399
471,0000000471.png,505,1789388520.551189184
472,0000000472.png,506,1789388520.584527969
473,0000000473.png,507,1789388520.617866993
474,0000000474.png,508,1789388520.651204824
475,0000000475.png,509,1789388520.684543848
476,0000000476.png,510,1789388520.717882872
477,0000000477.png,511,1789388520.751221895
478,0000000478.png,512,1789388520.784559727
479,0000000479.png,513,1789388520.817898989
480,0000000480.png,514,1789388520.851237774
481,0000000481.png,515,1789388520.884575844
482,0000000482.png,516,1789388520.917915106
483,0000000483.png,517,1789388520.951254129
484,0000000484.png,518,1789388520.984592915
485,0000000485.png,519,1789388521.017931223
486,0000000486.png,520,1789388521.051270247
487,0000000487.png,521,1789388521.084609270
488,0000000488.png,522,1789388521.117948532
489,0000000489.png,523,1789388521.151286602
490,0000000490.png,524,1789388521.184625626
491,0000000491.png,525,1789388521.217965126
492,0000000492.png,526,1789388521.251303196
493,0000000493.png,527,1789388521.284642220
494,0000000494.png,528,1789388521.317981482
495,0000000495.png,529,1789388521.351320744
496,0000000496.png,530,1789388521.384659052
497,0000000497.png,531,1789388521.417998314
498,0000000498.png,532,1789388521.451337337
499,0000000499.png,533,1789388521.484676838
500,0000000500.png,534,1789388521.518014908
501,0000000501.png,535,1789388521.551354170
502,0000000502.png,536,1789388521.584693670
503,0000000503.png,537,1789388521.618031740
504,0000000504.png,538,1789388521.651371002
505,0000000505.png,539,1789388521.684711218
506,0000000506.png,540,1789388521.718050957
507,0000000507.png,541,1789388521.751389980
508,0000000508.png,542,1789388521.784729958
509,0000000509.png,543,1789388521.818069935
510,0000000510.png,544,1789388521.851408958
511,0000000511.png,545,1789388521.884748936
512,0000000512.png,546,1789388521.918088913
513,0000000513.png,547,1789388521.951428890
514,0000000514.png,548,1789388521.984768152
515,0000000515.png,549,1789388522.018108130
516,0000000516.png,550,1789388522.051448345
517,0000000517.png,551,1789388522.084788322
518,0000000518.png,552,1789388522.118127346
519,0000000519.png,553,1789388522.151467562
520,0000000520.png,554,1789388522.184807539
521,0000000521.png,555,1789388522.218146801
522,0000000522.png,556,1789388522.251487017
523,0000000523.png,557,1789388522.284827232
524,0000000524.png,558,1789388522.318167210
525,0000000525.png,559,1789388522.351506710
526,0000000526.png,560,1789388522.384846687
527,0000000527.png,561,1789388522.418186903
528,0000000528.png,562,1789388522.451527119
529,0000000529.png,563,1789388522.484866381
530,0000000530.png,564,1789388522.518206835
531,0000000531.png,565,1789388522.551546812
532,0000000532.png,566,1789388522.584886312
533,0000000533.png,567,1789388522.618226528
534,0000000534.png,568,1789388522.651566982
535,0000000535.png,569,1789388522.684906960
536,0000000536.png,570,1789388522.718245983
537,0000000537.png,571,1789388522.751586199
538,0000000538.png,572,1789388522.784926414
539,0000000539.png,573,1789388522.818266630
540,0000000540.png,574,1789388522.851605654
541,0000000541.png,575,1789388522.884945869
542,0000000542.png,576,1789388522.918286085
543,0000000543.png,577,1789388522.951625347
544,0000000544.png,578,1789388522.984965563
545,0000000545.png,579,1789388523.018305779
546,0000000546.png,580,1789388523.051645994
547,0000000547.png,581,1789388523.084985256
548,0000000548.png,582,1789388523.118325472
549,0000000549.png,583,1789388523.151665688
550,0000000550.png,584,1789388523.185005188
551,0000000551.png,585,1789388523.218345404
552,0000000552.png,586,1789388523.251685858
553,0000000553.png,587,1789388523.285026073
554,0000000554.png,588,1789388523.318365335
555,0000000555.png,589,1789388523.351705790
556,0000000556.png,590,1789388523.385046244
557,0000000557.png,591,1789388523.418386459
558,0000000558.png,592,1789388523.451725721
559,0000000559.png,593,1789388523.485066175
560,0000000560.png,594,1789388523.518406630
561,0000000561.png,595,1789388523.551746130
562,0000000562.png,596,1789388523.585086346
563,0000000563.png,597,1789388523.618427038
564,0000000564.png,598,1789388523.651767254
565,0000000565.png,599,1789388523.685103416
566,0000000566.png,600,1789388523.718440771
567,0000000567.png,601,1789388523.751777887
568,0000000568.png,602,1789388523.785114765
569,0000000569.png,603,1789388523.818450928
570,0000000570.png,604,1789388523.851788044
571,0000000571.png,605,1789388523.885124922
572,0000000572.png,606,1789388523.918460846
573,0000000573.png,607,1789388523.951798201
574,0000000574.png,608,1789388523.985135078
575,0000000575.png,609,1789388524.018471956
576,0000000576.png,610,1789388524.051808119
577,0000000577.png,611,1789388524.085144997
578,0000000578.png,612,1789388524.118481874
579,0000000579.png,613,1789388524.151818752
580,0000000580.png,614,1789388524.185154676
581,0000000581.png,615,1789388524.218491554
582,0000000582.png,616,1789388524.251828432
583,0000000583.png,617,1789388524.285164356
584,0000000584.png,618,1789388524.318501234
585,0000000585.png,619,1789388524.351837873
586,0000000586.png,620,1789388524.385174751
587,0000000587.png,621,1789388524.418510437
588,0000000588.png,622,1789388524.451847315
589,0000000589.png,623,1789388524.485184193
590,0000000590.png,624,1789388524.518519878
591,0000000591.png,625,1789388524.551856756
592,0000000592.png,626,1789388524.585193396
593,0000000593.png,627,1789388524.618530035
594,0000000594.png,628,1789388524.651865721
595,0000000595.png,629,1789388524.685202599
596,0000000596.png,630,1789388524.718539476
597,0000000597.png,631,1789388524.751876354
598,0000000598.png,632,1789388524.785212040
599,0000000599.png,633,1789388524.818549156
600,0000000600.png,634,1789388524.851886034
601,0000000601.png,635,1789388524.885221720
602,0000000602.png,636,1789388524.918558598
603,0000000603.png,637,1789388524.951895237
604,0000000604.png,638,1789388524.985232115
605,0000000605.png,639,1789388525.018567801
606,0000000606.png,640,1789388525.051904440
607,0000000607.png,641,1789388525.085241318
608,0000000608.png,642,1789388525.118577957
609,0000000609.png,643,1789388525.151913643
610,0000000610.png,644,1789388525.185250282
611,0000000611.png,645,1789388525.218586922
612,0000000612.png,646,1789388525.251922607
613,0000000613.png,647,1789388525.285259008
614,0000000614.png,648,1789388525.318595648
615,0000000615.png,649,1789388525.351932287
616,0000000616.png,650,1789388525.385267735
617,0000000617.png,651,1789388525.418604136
618,0000000618.png,652,1789388525.451941013
619,0000000619.png,653,1789388525.485277414
620,0000000620.png,654,1789388525.518612862
621,0000000621.png,655,1789388525.551949263
622,0000000622.png,656,1789388525.585285664
623,0000000623.png,657,1789388525.618621111
624,0000000624.png,658,1789388525.651957512
625,0000000625.png,659,1789388525.685295105
626,0000000626.png,660,1789388525.718632698
627,0000000627.png,661,1789388525.751969337
628,0000000628.png,662,1789388525.785306931
629,0000000629.png,663,1789388525.818644285
630,0000000630.png,664,1789388525.851980686
631,0000000631.png,665,1789388525.885318279
632,0000000632.png,666,1789388525.918655872
633,0000000633.png,667,1789388525.951993227
634,0000000634.png,668,1789388525.985329628
635,0000000635.png,669,1789388526.018666983
636,0000000636.png,670,1789388526.052004337
637,0000000637.png,671,1789388526.085341692
638,0000000638.png,672,1789388526.118678331
639,0000000639.png,673,1789388526.152015686
640,0000000640.png,674,1789388526.185353041
641,0000000641.png,675,1789388526.218689203
642,0000000642.png,676,1789388526.252026558
643,0000000643.png,677,1789388526.285363913
644,0000000644.png,678,1789388526.318701267
645,0000000645.png,679,1789388526.352037668
646,0000000646.png,680,1789388526.385374784
647,0000000647.png,681,1789388526.418711901
648,0000000648.png,682,1789388526.452049255
649,0000000649.png,683,1789388526.485385418
650,0000000650.png,684,1789388526.518722773
651,0000000651.png,685,1789388526.552059889
652,0000000652.png,686,1789388526.585396051
653,0000000653.png,687,1789388526.618733168
654,0000000654.png,688,1789388526.652070284
655,0000000655.png,689,1789388526.685408115
656,0000000656.png,690,1789388526.718744755
657,0000000657.png,691,1789388526.752082825
658,0000000658.png,692,1789388526.785420418
659,0000000659.png,693,1789388526.818758011
660,0000000660.png,694,1789388526.852094650
661,0000000661.png,695,1789388526.885432482
662,0000000662.png,696,1789388526.918770075
663,0000000663.png,697,1789388526.952106714
664,0000000664.png,698,1789388526.985444307
665,0000000665.png,699,1789388527.018781900
666,0000000666.png,700,1789388527.052119732
667,0000000667.png,701,1789388527.085456371
668,0000000668.png,702,1789388527.118793964
669,0000000669.png,703,1789388527.152131319
670,0000000670.png,704,1789388527.185467958
671,0000000671.png,705,1789388527.218805552
672,0000000672.png,706,1789388527.252143145
673,0000000673.png,707,1789388527.285480738
674,0000000674.png,708,1789388527.318817139
675,0000000675.png,709,1789388527.352154493
676,0000000676.png,710,1789388527.385492086
677,0000000677.png,711,1789388527.418829679
678,0000000678.png,712,1789388527.452166080
679,0000000679.png,713,1789388527.485503435
680,0000000680.png,714,1789388527.518840790
681,0000000681.png,715,1789388527.552177191
682,0000000682.png,716,1789388527.585514545
683,0000000683.png,717,1789388527.618852139
684,0000000684.png,718,1789388527.652189493
685,0000000685.png,719,1789388527.685526133
686,0000000686.png,720,1789388527.718863726
687,0000000687.png,721,1789388527.752201557
688,0000000688.png,722,1789388527.785539389
689,0000000689.png,723,1789388527.818876028
690,0000000690.png,724,1789388527.852213621
691,0000000691.png,725,1789388527.885551214
692,0000000692.png,726,1789388527.918887615
693,0000000693.png,727,1789388527.952225447
694,0000000694.png,728,1789388527.985563040
695,0000000695.png,729,1789388528.018900633
696,0000000696.png,730,1789388528.052237272
697,0000000697.png,731,1789388528.085574865
698,0000000698.png,732,1789388528.118912697
699,0000000699.png,733,1789388528.152250290
700,0000000700.png,734,1789388528.185586929
701,0000000701.png,735,1789388528.218924522
702,0000000702.png,736,1789388528.252261877
703,0000000703.png,737,1789388528.285598516
704,0000000704.png,738,1789388528.318936348
705,0000000705.png,739,1789388528.352273941
706,0000000706.png,740,1789388528.385611534
707,0000000707.png,741,1789388528.418947935
708,0000000708.png,742,1789388528.452285528
709,0000000709.png,743,1789388528.485623360
710,0000000710.png,744,1789388528.518959761
711,0000000711.png,745,1789388528.552297354
712,0000000712.png,746,1789388528.585634947
713,0000000713.png,747,1789388528.618972540
714,0000000714.png,748,1789388528.652309179
715,0000000715.png,749,1789388528.685646534
716,0000000716.png,750,1789388528.718983889
717,0000000717.png,751,1789388528.752321482
718,0000000718.png,752,1789388528.785657883
719,0000000719.png,753,1789388528.818995476
720,0000000720.png,754,1789388528.852332830
721,0000000721.png,755,1789388528.885669231
722,0000000722.png,756,1789388528.919006586
723,0000000723.png,757,1789388528.952343702
724,0000000724.png,758,1789388528.985681057
725,0000000725.png,759,1789388529.019017696
726,0000000726.png,760,1789388529.052355051
727,0000000727.png,761,1789388529.085692406
728,0000000728.png,762,1789388529.119029760
729,0000000729.png,763,1789388529.152366161
730,0000000730.png,764,1789388529.185703278
731,0000000731.png,765,1789388529.219040871
732,0000000732.png,766,1789388529.252377272
733,0000000733.png,767,1789388529.285714388
734,0000000734.png,768,1789388529.319051743
735,0000000735.png,769,1789388529.352389097
736,0000000736.png,770,1789388529.385725260
737,0000000737.png,771,1789388529.419062853
738,0000000738.png,772,1789388529.452400208
739,0000000739.png,773,1789388529.485737324
740,0000000740.png,774,1789388529.519073725
741,0000000741.png,775,1789388529.552410841
742,0000000742.png,776,1789388529.585748196
743,0000000743.png,777,1789388529.619084358
744,0000000744.png,778,1789388529.652421713
745,0000000745.png,779,1789388529.685761213
746,0000000746.png,780,1789388529.719100714
747,0000000747.png,781,1789388529.752439260
748,0000000748.png,782,1789388529.785778761
749,0000000749.png,783,1789388529.819118500
750,0000000750.png,784,1789388529.852457047
751,0000000751.png,785,1789388529.885796547
752,0000000752.png,786,1789388529.919136286
753,0000000753.png,787,1789388529.952475786
754,0000000754.png,788,1789388529.985814571
755,0000000755.png,789,1789388530.019154072
756,0000000756.png,790,1789388530.052493811
757,0000000757.png,791,1789388530.085833549
758,0000000758.png,792,1789388530.119172096
759,0000000759.png,793,1789388530.152512074
760,0000000760.png,794,1789388530.185851574
761,0000000761.png,795,1789388530.219190359
762,0000000762.png,796,1789388530.252530336
763,0000000763.png,797,1789388530.285869837
764,0000000764.png,798,1789388530.319209814
765,0000000765.png,799,1789388530.352548599
766,0000000766.png,800,1789388530.385888338
767,0000000767.png,801,1789388530.419228315
768,0000000768.png,802,1789388530.452568054
769,0000000769.png,803,1789388530.485907078
770,0000000770.png,804,1789388530.519246817
771,0000000771.png,805,1789388530.552587032
772,0000000772.png,806,1789388530.585925817
773,0000000773.png,807,1789388530.619265556
774,0000000774.png,808,1789388530.652605772
775,0000000775.png,809,1789388530.685943604
776,0000000776.png,810,1789388530.719280481
777,0000000777.png,811,1789388530.752618074
778,0000000778.png,812,1789388530.785956144
779,0000000779.png,813,1789388530.819293976
780,0000000780.png,814,1789388530.852630854
781,0000000781.png,815,1789388530.885968685
782,0000000782.png,816,1789388530.919306755
783,0000000783.png,817,1789388530.952643394
784,0000000784.png,818,1789388530.985981226
785,0000000785.png,819,1789388531.019319057
786,0000000786.png,820,1789388531.052656889
787,0000000787.png,821,1789388531.085993767
788,0000000788.png,822,1789388531.119331598
789,0000000789.png,823,1789388531.152669430
790,0000000790.png,824,1789388531.186006069
791,0000000791.png,825,1789388531.219343901
792,0000000792.png,826,1789388531.252681971
793,0000000793.png,827,1789388531.286019564
794,0000000794.png,828,1789388531.319356441
795,0000000795.png,829,1789388531.352694035
796,0000000796.png,830,1789388531.386031866
797,0000000797.png,831,1789388531.419369698
798,0000000798.png,832,1789388531.452706575
799,0000000799.png,833,1789388531.486044168
800,0000000800.png,834,1789388531.519382000
801,0000000801.png,835,1789388531.552718639
802,0000000802.png,836,1789388531.586056471
803,0000000803.png,837,1789388531.619394302
804,0000000804.png,838,1789388531.652731895
805,0000000805.png,839,1789388531.686068296
806,0000000806.png,840,1789388531.719405413
807,0000000807.png,841,1789388531.752743006
808,0000000808.png,842,1789388531.786080360
809,0000000809.png,843,1789388531.819416523
810,0000000810.png,844,1789388531.852753878
811,0000000811.png,845,1789388531.886090994
812,0000000812.png,846,1789388531.919427395
813,0000000813.png,847,1789388531.952764750
814,0000000814.png,848,1789388531.986102104
815,0000000815.png,849,1789388532.019439220
816,0000000816.png,850,1789388532.052775383
817,0000000817.png,851,1789388532.086112738
818,0000000818.png,852,1789388532.119449854
819,0000000819.png,853,1789388532.152787209
820,0000000820.png,854,1789388532.186123371
821,0000000821.png,855,1789388532.219460726
822,0000000822.png,856,1789388532.252797842
823,0000000823.png,857,1789388532.286134005
824,0000000824.png,858,1789388532.319471121
825,0000000825.png,859,1789388532.352808237
826,0000000826.png,860,1789388532.386145592
827,0000000827.png,861,1789388532.419481754
828,0000000828.png,862,1789388532.452818871
829,0000000829.png,863,1789388532.486155987
830,0000000830.png,864,1789388532.519492149
831,0000000831.png,865,1789388532.552829266
832,0000000832.png,866,1789388532.586166620
833,0000000833.png,867,1789388532.619503498
834,0000000834.png,868,1789388532.652839661
835,0000000835.png,869,1789388532.686177492
836,0000000836.png,870,1789388532.719515085
837,0000000837.png,871,1789388532.752852678
838,0000000838.png,872,1789388532.786189556
839,0000000839.png,873,1789388532.819527388
840,0000000840.png,874,1789388532.852864981
841,0000000841.png,875,1789388532.886201620
842,0000000842.png,876,1789388532.919539213
843,0000000843.png,877,1789388532.952877283
844,0000000844.png,878,1789388532.986214876
845,0000000845.png,879,1789388533.019551516
846,0000000846.png,880,1789388533.052889109
847,0000000847.png,881,1789388533.086226702
848,0000000848.png,882,1789388533.119564772
849,0000000849.png,883,1789388533.152901411
850,0000000850.png,884,1789388533.186239004
851,0000000851.png,885,1789388533.219576597
852,0000000852.png,886,1789388533.252913237
853,0000000853.png,887,1789388533.286251068
854,0000000854.png,888,1789388533.319588661
855,0000000855.png,889,1789388533.352926254
856,0000000856.png,890,1789388533.386262894
857,0000000857.png,891,1789388533.419600487
858,0000000858.png,892,1789388533.452938318
859,0000000859.png,893,1789388533.486276150
860,0000000860.png,894,1789388533.519612551
861,0000000861.png,895,1789388533.552950144
862,0000000862.png,896,1789388533.586287737
863,0000000863.png,897,1789388533.619624615
864,0000000864.png,898,1789388533.652962208
865,0000000865.png,899,1789388533.686300516
866,0000000866.png,900,1789388533.719638586
867,0000000867.png,901,1789388533.752975941
868,0000000868.png,902,1789388533.786314011
869,0000000869.png,903,1789388533.819652319
870,0000000870.png,904,1789388533.852989435
871,0000000871.png,905,1789388533.886327744
872,0000000872.png,906,1789388533.919666052
873,0000000873.png,907,1789388533.953004122
874,0000000874.png,908,1789388533.986341238
875,0000000875.png,909,1789388534.019679785
876,0000000876.png,910,1789388534.053017855
877,0000000877.png,911,1789388534.086356163
878,0000000878.png,912,1789388534.119693279
879,0000000879.png,913,1789388534.153031826
880,0000000880.png,914,1789388534.186369896
881,0000000881.png,915,1789388534.219707251
882,0000000882.png,916,1789388534.253045321
883,0000000883.png,917,1789388534.286383867
884,0000000884.png,918,1789388534.319721937
885,0000000885.png,919,1789388534.353059292
886,0000000886.png,920,1789388534.386397362
887,0000000887.png,921,1789388534.419735909
888,0000000888.png,922,1789388534.453074217
889,0000000889.png,923,1789388534.486411333
890,0000000890.png,924,1789388534.519749641
891,0000000891.png,925,1789388534.553088188
892,0000000892.png,926,1789388534.586425304
893,0000000893.png,927,1789388534.619763613
894,0000000894.png,928,1789388534.653102160
895,0000000895.png,929,1789388534.686439753
896,0000000896.png,930,1789388534.719776630
897,0000000897.png,931,1789388534.753114462
898,0000000898.png,932,1789388534.786452055
899,0000000899.png,933,1789388534.819790125
900,0000000900.png,934,1789388534.853126764
901,0000000901.png,935,1789388534.886464596
902,0000000902.png,936,1789388534.919802189
903,0000000903.png,937,1789388534.953139067
904,0000000904.png,938,1789388534.986476898
905,0000000905.png,939,1789388535.019814730
906,0000000906.png,940,1789388535.053152561
907,0000000907.png,941,1789388535.086489201
908,0000000908.png,942,1789388535.119826794
909,0000000909.png,943,1789388535.153164864
910,0000000910.png,944,1789388535.186501503
911,0000000911.png,945,1789388535.219839334
912,0000000912.png,946,1789388535.253176928
913,0000000913.png,947,1789388535.286514997
914,0000000914.png,948,1789388535.319851637
915,0000000915.png,949,1789388535.353189230
916,0000000916.png,950,1789388535.386527061
917,0000000917.png,951,1789388535.419864655
918,0000000918.png,952,1789388535.453201532
919,0000000919.png,953,1789388535.486539364
920,0000000920.png,954,1789388535.519876957
921,0000000921.png,955,1789388535.553213596
922,0000000922.png,956,1789388535.586551428
923,0000000923.png,957,1789388535.619889259
924,0000000924.png,958,1789388535.653226852
925,0000000925.png,959,1789388535.686563492
926,0000000926.png,960,1789388535.719901323
927,0000000927.png,961,1789388535.753238916
928,0000000928.png,962,1789388535.786576748
929,0000000929.png,963,1789388535.819913387
930,0000000930.png,964,1789388535.853250980
931,0000000931.png,965,1789388535.886588573
932,0000000932.png,966,1789388535.919925213
933,0000000933.png,967,1789388535.953263044
934,0000000934.png,968,1789388535.986600637
935,0000000935.png,969,1789388536.019938469
936,0000000936.png,970,1789388536.053274870
937,0000000937.png,971,1789388536.086612463
938,0000000938.png,972,1789388536.119950294
939,0000000939.png,973,1789388536.153287888
940,0000000940.png,974,1789388536.186624527
941,0000000941.png,975,1789388536.219962120
942,0000000942.png,976,1789388536.253299713
943,0000000943.png,977,1789388536.286636591
944,0000000944.png,978,1789388536.319974184
945,0000000945.png,979,1789388536.353311539
946,0000000946.png,980,1789388536.386649132
947,0000000947.png,981,1789388536.419985771
948,0000000948.png,982,1789388536.453323603
949,0000000949.png,983,1789388536.486660957
950,0000000950.png,984,1789388536.519997597
951,0000000951.png,985,1789388536.553335190
952,0000000952.png,986,1789388536.586672544
953,0000000953.png,987,1789388536.620010138
954,0000000954.png,988,1789388536.653347015
955,0000000955.png,989,1789388536.686684370
956,0000000956.png,990,1789388536.720021963
957,0000000957.png,991,1789388536.753359318
958,0000000958.png,992,1789388536.786695957
959,0000000959.png,993,1789388536.820033550
960,0000000960.png,994,1789388536.853371143
961,0000000961.png,995,1789388536.886707544
962,0000000962.png,996,1789388536.920044899
963,0000000963.png,997,1789388536.953382492
964,0000000964.png,998,1789388536.986720085
965,0000000965.png,999,1789388537.020056486
966,0000000966.png,1000,1789388537.053394079
967,0000000967.png,1001,1789388537.086731434
968,0000000968.png,1002,1789388537.120068789
969,0000000969.png,1003,1789388537.153405190
970,0000000970.png,1004,1789388537.186742783
971,0000000971.png,1005,1789388537.220080137
972,0000000972.png,1006,1789388537.253416538
973,0000000973.png,1007,1789388537.286754131
974,0000000974.png,1008,1789388537.320091486
975,0000000975.png,1009,1789388537.353428841
976,0000000976.png,1010,1789388537.386765242
977,0000000977.png,1011,1789388537.420102596
978,0000000978.png,1012,1789388537.453439951
979,0000000979.png,1013,1789388537.486777306
980,0000000980.png,1014,1789388537.520113707
981,0000000981.png,1015,1789388537.553451061
982,0000000982.png,1016,1789388537.586788654
983,0000000983.png,1017,1789388537.620124817
984,0000000984.png,1018,1789388537.653462172
985,0000000985.png,1019,1789388537.686805010
986,0000000986.png,1020,1789388537.720147371
987,0000000987.png,1021,1789388537.753489256
988,0000000988.png,1022,1789388537.786832094
989,0000000989.png,1023,1789388537.820174694
990,0000000990.png,1024,1789388537.853516579
991,0000000991.png,1025,1789388537.886859655
992,0000000992.png,1026,1789388537.920202494
993,0000000993.png,1027,1789388537.953545332
994,0000000994.png,1028,1789388537.986887455
995,0000000995.png,1029,1789388538.020230532
996,0000000996.png,1030,1789388538.053573370
997,0000000997.png,1031,1789388538.086916447
998,0000000998.png,1032,1789388538.120258570
999,0000000999.png,1033,1789388538.153601646
1000,0000001000.png,1034,1789388538.186944723
1001,0000001001.png,1035,1789388538.220286846
1002,0000001002.png,1036,1789388538.253630161
1003,0000001003.png,1037,1789388538.286973476
1004,0000001004.png,1038,1789388538.320316553
1005,0000001005.png,1039,1789388538.353658915
1006,0000001006.png,1040,1789388538.387002230
1007,0000001007.png,1041,1789388538.420345783
1008,0000001008.png,1042,1789388538.453688860
1009,0000001009.png,1043,1789388538.487031460
1010,0000001010.png,1044,1789388538.520375013
1011,0000001011.png,1045,1789388538.553718567
1012,0000001012.png,1046,1789388538.587060928
1013,0000001013.png,1047,1789388538.620404482
1014,0000001014.png,1048,1789388538.653748035
1015,0000001015.png,1049,1789388538.687086582
1016,0000001016.png,1050,1789388538.720424414
1017,0000001017.png,1051,1789388538.753762960
1018,0000001018.png,1052,1789388538.787101507
1019,0000001019.png,1053,1789388538.820440292
1020,0000001020.png,1054,1789388538.853777885
1021,0000001021.png,1055,1789388538.887116432
1022,0000001022.png,1056,1789388538.920455217
1023,0000001023.png,1057,1789388538.953793049
1024,0000001024.png,1058,1789388538.987131596
1025,0000001025.png,1059,1789388539.020470142
1026,0000001026.png,1060,1789388539.053808928
1027,0000001027.png,1061,1789388539.087146759
1028,0000001028.png,1062,1789388539.120485306
1029,0000001029.png,1063,1789388539.153824091
1030,0000001030.png,1064,1789388539.187161684
1031,0000001031.png,1065,1789388539.220500469
1032,0000001032.png,1066,1789388539.253839016
1033,0000001033.png,1067,1789388539.287178040
1034,0000001034.png,1068,1789388539.320515633
1035,0000001035.png,1069,1789388539.353854418
1036,0000001036.png,1070,1789388539.387193203
1037,0000001037.png,1071,1789388539.420531988
1038,0000001038.png,1072,1789388539.453869581
1039,0000001039.png,1073,1789388539.487208605
1040,0000001040.png,1074,1789388539.520547152
1041,0000001041.png,1075,1789388539.553884983
1042,0000001042.png,1076,1789388539.587223768
1043,0000001043.png,1077,1789388539.620562553
1044,0000001044.png,1078,1789388539.653901339
1045,0000001045.png,1079,1789388539.687237024
1046,0000001046.png,1080,1789388539.720573902
1047,0000001047.png,1081,1789388539.753910542
1048,0000001048.png,1082,1789388539.787247419
1049,0000001049.png,1083,1789388539.820583105
1050,0000001050.png,1084,1789388539.853919983
1051,0000001051.png,1085,1789388539.887256622
1052,0000001052.png,1086,1789388539.920592308
1053,0000001053.png,1087,1789388539.953928947
1054,0000001054.png,1088,1789388539.987265587
1055,0000001055.png,1089,1789388540.020602226
1056,0000001056.png,1090,1789388540.053937912
1057,0000001057.png,1091,1789388540.087274313
1058,0000001058.png,1092,1789388540.120611191
1059,0000001059.png,1093,1789388540.153947830
1060,0000001060.png,1094,1789388540.187283516
1061,0000001061.png,1095,1789388540.220619917
1062,0000001062.png,1096,1789388540.253956556
1063,0000001063.png,1097,1789388540.287292004
1064,0000001064.png,1098,1789388540.320628643
1065,0000001065.png,1099,1789388540.353965044
1066,0000001066.png,1100,1789388540.387301683
1067,0000001067.png,1101,1789388540.420637131
1068,0000001068.png,1102,1789388540.453973532
1069,0000001069.png,1103,1789388540.487310410
1070,0000001070.png,1104,1789388540.520645857
1071,0000001071.png,1105,1789388540.553982258
1072,0000001072.png,1106,1789388540.587318659
1073,0000001073.png,1107,1789388540.620655060
1074,0000001074.png,1108,1789388540.653990507
1075,0000001075.png,1109,1789388540.687327623
1076,0000001076.png,1110,1789388540.720664501
1077,0000001077.png,1111,1789388540.754001379
1078,0000001078.png,1112,1789388540.787337542
1079,0000001079.png,1113,1789388540.820674658
1080,0000001080.png,1114,1789388540.854011536
1081,0000001081.png,1115,1789388540.887347460
1082,0000001082.png,1116,1789388540.920684338
1083,0000001083.png,1117,1789388540.954021454
1084,0000001084.png,1118,1789388540.987358332
1085,0000001085.png,1119,1789388541.020694256
1086,0000001086.png,1120,1789388541.054031134
1087,0000001087.png,1121,1789388541.087368250
1088,0000001088.png,1122,1789388541.120704889
1089,0000001089.png,1123,1789388541.154040813
1090,0000001090.png,1124,1789388541.187377691
1091,0000001091.png,1125,1789388541.220714569
1092,0000001092.png,1126,1789388541.254050493
1093,0000001093.png,1127,1789388541.287387133
1094,0000001094.png,1128,1789388541.320724010
1095,0000001095.png,1129,1789388541.354061127
1096,0000001096.png,1130,1789388541.387396812
1097,0000001097.png,1131,1789388541.420733690
1098,0000001098.png,1132,1789388541.454070330
1099,0000001099.png,1133,1789388541.487407207
1100,0000001100.png,1134,1789388541.520742893
1101,0000001101.png,1135,1789388541.554079771
1102,0000001102.png,1136,1789388541.587416410
1103,0000001103.png,1137,1789388541.620752096
1104,0000001104.png,1138,1789388541.654089212
1105,0000001105.png,1139,1789388541.687426567
1106,0000001106.png,1140,1789388541.720764160
1107,0000001107.png,1141,1789388541.754100800
1108,0000001108.png,1142,1789388541.787438393
1109,0000001109.png,1143,1789388541.820775986
1110,0000001110.png,1144,1789388541.854112625
1111,0000001111.png,1145,1789388541.887450218
1112,0000001112.png,1146,1789388541.920787811
1113,0000001113.png,1147,1789388541.954125166
1114,0000001114.png,1148,1789388541.987461805
1115,0000001115.png,1149,1789388542.020799637
1116,0000001116.png,1150,1789388542.054136992
1117,0000001117.png,1151,1789388542.087474585
1118,0000001118.png,1152,1789388542.120811224
1119,0000001119.png,1153,1789388542.154148579
1120,0000001120.png,1154,1789388542.187486410
1121,0000001121.png,1155,1789388542.220822811
1122,0000001122.png,1156,1789388542.254160404
1123,0000001123.png,1157,1789388542.287497997
1124,0000001124.png,1158,1789388542.320835352
1125,0000001125.png,1159,1789388542.354172230
1126,0000001126.png,1160,1789388542.387509584
1127,0000001127.png,1161,1789388542.420847178
1128,0000001128.png,1162,1789388542.454184771
1129,0000001129.png,1163,1789388542.487521172
1130,0000001130.png,1164,1789388542.520859003
1131,0000001131.png,1165,1789388542.554196358
1132,0000001132.png,1166,1789388542.587532997
1133,0000001133.png,1167,1789388542.620870352
1134,0000001134.png,1168,1789388542.654207945
1135,0000001135.png,1169,1789388542.687546015
1136,0000001136.png,1170,1789388542.720882893
1137,0000001137.png,1171,1789388542.754220724
1138,0000001138.png,1172,1789388542.787558556
1139,0000001139.png,1173,1789388542.820896387
1140,0000001140.png,1174,1789388542.854233503
1141,0000001141.png,1175,1789388542.887571573
1142,0000001142.png,1176,1789388542.920909405
1143,0000001143.png,1177,1789388542.954246283
1144,0000001144.png,1178,1789388542.987584114
1145,0000001145.png,1179,1789388543.020922184
1146,0000001146.png,1180,1789388543.054260015
1147,0000001147.png,1181,1789388543.087597132
1148,0000001148.png,1182,1789388543.120934963
1149,0000001149.png,1183,1789388543.154273033
1150,0000001150.png,1184,1789388543.187609911
1151,0000001151.png,1185,1789388543.220947742
1152,0000001152.png,1186,1789388543.254285812
1153,0000001153.png,1187,1789388543.287623882
1154,0000001154.png,1188,1789388543.320960760
1155,0000001155.png,1189,1789388543.354298592
1156,0000001156.png,1190,1789388543.387636662
1157,0000001157.png,1191,1789388543.420974493
1158,0000001158.png,1192,1789388543.454311609
1159,0000001159.png,1193,1789388543.487649441
1160,0000001160.png,1194,1789388543.520987511
1161,0000001161.png,1195,1789388543.554324389
1162,0000001162.png,1196,1789388543.587662458
1163,0000001163.png,1197,1789388543.621000528
1164,0000001164.png,1198,1789388543.654338360
1165,0000001165.png,1199,1789388543.687675238
1166,0000001166.png,1200,1789388543.721012831
1167,0000001167.png,1201,1789388543.754350901
1168,0000001168.png,1202,1789388543.787688732
1169,0000001169.png,1203,1789388543.821025372
1170,0000001170.png,1204,1789388543.854363203
1171,0000001171.png,1205,1789388543.887701273
1172,0000001172.png,1206,1789388543.921037912
1173,0000001173.png,1207,1789388543.954375744
1174,0000001174.png,1208,1789388543.987713575
1175,0000001175.png,1209,1789388544.021051168
1176,0000001176.png,1210,1789388544.054388285
1177,0000001177.png,1211,1789388544.087726116
1178,0000001178.png,1212,1789388544.121063709
1179,0000001179.png,1213,1789388544.154401541
1180,0000001180.png,1214,1789388544.187738180
1181,0000001181.png,1215,1789388544.221076250
1182,0000001182.png,1216,1789388544.254413843
1183,0000001183.png,1217,1789388544.287750721
1184,0000001184.png,1218,1789388544.321088314
1185,0000001185.png,1219,1789388544.354426384
1186,0000001186.png,1220,1789388544.387763977
1187,0000001187.png,1221,1789388544.421100855
1188,0000001188.png,1222,1789388544.454438448
1189,0000001189.png,1223,1789388544.487776279
1190,0000001190.png,1224,1789388544.521112919
1191,0000001191.png,1225,1789388544.554450750
1192,0000001192.png,1226,1789388544.587788582
1193,0000001193.png,1227,1789388544.621126175
1194,0000001194.png,1228,1789388544.654462814
1195,0000001195.png,1229,1789388544.687800646
1196,0000001196.png,1230,1789388544.721138000
1197,0000001197.png,1231,1789388544.754475594
1198,0000001198.png,1232,1789388544.787811995
1199,0000001199.png,1233,1789388544.821149349
1200,0000001200.png,1234,1789388544.854486704
1201,0000001201.png,1235,1789388544.887823582
1202,0000001202.png,1236,1789388544.921160936
1203,0000001203.png,1237,1789388544.954498291
1204,0000001204.png,1238,1789388544.987835646
1205,0000001205.png,1239,1789388545.021172047
1206,0000001206.png,1240,1789388545.054509640
1207,0000001207.png,1241,1789388545.087847233
1208,0000001208.png,1242,1789388545.121184587
1209,0000001209.png,1243,1789388545.154520988
1210,0000001210.png,1244,1789388545.187858343
1211,0000001211.png,1245,1789388545.221195698
1212,0000001212.png,1246,1789388545.254532337
1213,0000001213.png,1247,1789388545.287869692
1214,0000001214.png,1248,1789388545.321207047
1215,0000001215.png,1249,1789388545.354544163
1216,0000001216.png,1250,1789388545.387880564
1217,0000001217.png,1251,1789388545.421217918
1218,0000001218.png,1252,1789388545.454555511
1219,0000001219.png,1253,1789388545.487892866
1220,0000001220.png,1254,1789388545.521229267
1221,0000001221.png,1255,1789388545.554566383
1222,0000001222.png,1256,1789388545.587903738
1223,0000001223.png,1257,1789388545.621240139
1224,0000001224.png,1258,1789388545.654577494
1225,0000001225.png,1259,1789388545.687915564
1226,0000001226.png,1260,1789388545.721253633
1227,0000001227.png,1261,1789388545.754590750
1228,0000001228.png,1262,1789388545.787929058
1229,0000001229.png,1263,1789388545.821267128
1230,0000001230.png,1264,1789388545.854604244
1231,0000001231.png,1265,1789388545.887942314
1232,0000001232.png,1266,1789388545.921280622
1233,0000001233.png,1267,1789388545.954618692
1234,0000001234.png,1268,1789388545.987955809
1235,0000001235.png,1269,1789388546.021293879
1236,0000001236.png,1270,1789388546.054632187
1237,0000001237.png,1271,1789388546.087970257
1238,0000001238.png,1272,1789388546.121307373
1239,0000001239.png,1273,1789388546.154645443
1240,0000001240.png,1274,1789388546.187983751
1241,0000001241.png,1275,1789388546.221320868
1242,0000001242.png,1276,1789388546.254658937
1243,0000001243.png,1277,1789388546.287997007
1244,0000001244.png,1278,1789388546.321335554
1245,0000001245.png,1279,1789388546.354672670
1246,0000001246.png,1280,1789388546.388010740
1247,0000001247.png,1281,1789388546.421348810
1248,0000001248.png,1282,1789388546.454687119
1249,0000001249.png,1283,1789388546.488024235
1250,0000001250.png,1284,1789388546.521362305
1251,0000001251.png,1285,1789388546.554700375
1252,0000001252.png,1286,1789388546.588037491
1253,0000001253.png,1287,1789388546.621375799
1254,0000001254.png,1288,1789388546.654713869
1255,0000001255.png,1289,1789388546.688051462
1256,0000001256.png,1290,1789388546.721388102
1257,0000001257.png,1291,1789388546.754725933
1258,0000001258.png,1292,1789388546.788063288
1259,0000001259.png,1293,1789388546.821400881
1260,0000001260.png,1294,1789388546.854737520
1261,0000001261.png,1295,1789388546.888074875
1262,0000001262.png,1296,1789388546.921412706
1263,0000001263.png,1297,1789388546.954749346
1264,0000001264.png,1298,1789388546.988086700
1265,0000001265.png,1299,1789388547.021424294
1266,0000001266.png,1300,1789388547.054761887
1267,0000001267.png,1301,1789388547.088098288
1268,0000001268.png,1302,1789388547.121436119
1269,0000001269.png,1303,1789388547.154773474
1270,0000001270.png,1304,1789388547.188110113
1271,0000001271.png,1305,1789388547.221447468
1272,0000001272.png,1306,1789388547.254785061
1273,0000001273.png,1307,1789388547.288122892
1274,0000001274.png,1308,1789388547.321459293
1275,0000001275.png,1309,1789388547.354796886
1276,0000001276.png,1310,1789388547.388134241
1277,0000001277.png,1311,1789388547.421471834
1278,0000001278.png,1312,1789388547.454808235
1279,0000001279.png,1313,1789388547.488146067
1280,0000001280.png,1314,1789388547.521483421
1281,0000001281.png,1315,1789388547.554820061
1282,0000001282.png,1316,1789388547.588157415
1283,0000001283.png,1317,1789388547.621494770
1284,0000001284.png,1318,1789388547.654832602
1285,0000001285.png,1319,1789388547.688169003
1286,0000001286.png,1320,1789388547.721506119
1287,0000001287.png,1321,1789388547.754843473
1288,0000001288.png,1322,1789388547.788180828
1289,0000001289.png,1323,1789388547.821516991
1290,0000001290.png,1324,1789388547.854854584
1291,0000001291.png,1325,1789388547.888191700
1292,0000001292.png,1326,1789388547.921528101
1293,0000001293.png,1327,1789388547.954865217
1294,0000001294.png,1328,1789388547.988202572
1295,0000001295.png,1329,1789388548.021539688
1296,0000001296.png,1330,1789388548.054876089
1297,0000001297.png,1331,1789388548.088213444
1298,0000001298.png,1332,1789388548.121550560
1299,0000001299.png,1333,1789388548.154887915
1300,0000001300.png,1334,1789388548.188224077
1301,0000001301.png,1335,1789388548.221561193
1302,0000001302.png,1336,1789388548.254898548
1303,0000001303.png,1337,1789388548.288234711
1304,0000001304.png,1338,1789388548.321572065
1305,0000001305.png,1339,1789388548.354909182
1306,0000001306.png,1340,1789388548.388246298
1307,0000001307.png,1341,1789388548.421582460
1308,0000001308.png,1342,1789388548.454919577
1309,0000001309.png,1343,1789388548.488256931
1310,0000001310.png,1344,1789388548.521593094
1311,0000001311.png,1345,1789388548.554930210
1312,0000001312.png,1346,1789388548.588267326
1313,0000001313.png,1347,1789388548.621604443
1314,0000001314.png,1348,1789388548.654940605
1315,0000001315.png,1349,1789388548.688278913
1316,0000001316.png,1350,1789388548.721616983
1317,0000001317.png,1351,1789388548.754955053
1318,0000001318.png,1352,1789388548.788292170
1319,0000001319.png,1353,1789388548.821630478
1320,0000001320.png,1354,1789388548.854968548
1321,0000001321.png,1355,1789388548.888305664
1322,0000001322.png,1356,1789388548.921643734
1323,0000001323.png,1357,1789388548.954982042
1324,0000001324.png,1358,1789388548.988320112
1325,0000001325.png,1359,1789388549.021657228
1326,0000001326.png,1360,1789388549.054995298
1327,0000001327.png,1361,1789388549.088333607
1328,0000001328.png,1362,1789388549.121671677
1329,0000001329.png,1363,1789388549.155008793
1330,0000001330.png,1364,1789388549.188346863
1331,0000001331.png,1365,1789388549.221685171
1332,0000001332.png,1366,1789388549.255022287
1333,0000001333.png,1367,1789388549.288360357
1334,0000001334.png,1368,1789388549.321698427
1335,0000001335.png,1369,1789388549.355036736
1336,0000001336.png,1370,1789388549.388373852
1337,0000001337.png,1371,1789388549.421711922
1338,0000001338.png,1372,1789388549.455049992
1339,0000001339.png,1373,1789388549.488388300
1340,0000001340.png,1374,1789388549.521725178
1341,0000001341.png,1375,1789388549.555063248
1342,0000001342.png,1376,1789388549.588401318
1343,0000001343.png,1377,1789388549.621738434
1344,0000001344.png,1378,1789388549.655076742
1345,0000001345.png,1379,1789388549.688412905
1346,0000001346.png,1380,1789388549.721749306
1347,0000001347.png,1381,1789388549.755084515
1348,0000001348.png,1382,1789388549.788420677
1349,0000001349.png,1383,1789388549.821756840
1350,0000001350.png,1384,1789388549.855092049
1351,0000001351.png,1385,1789388549.888428211
1352,0000001352.png,1386,1789388549.921764374
1353,0000001353.png,1387,1789388549.955100536
1354,0000001354.png,1388,1789388549.988435745
1355,0000001355.png,1389,1789388550.021771908
1356,0000001356.png,1390,1789388550.055107832
1357,0000001357.png,1391,1789388550.088443995
1358,0000001358.png,1392,1789388550.121779203
1359,0000001359.png,1393,1789388550.155115128
1360,0000001360.png,1394,1789388550.188451529
1361,0000001361.png,1395,1789388550.221786261
1362,0000001362.png,1396,1789388550.255122662
1363,0000001363.png,1397,1789388550.288458586
1364,0000001364.png,1398,1789388550.321794510
1365,0000001365.png,1399,1789388550.355129480
1366,0000001366.png,1400,1789388550.388465643
1367,0000001367.png,1401,1789388550.421801567
1368,0000001368.png,1402,1789388550.455137491
1369,0000001369.png,1403,1789388550.488472462
1370,0000001370.png,1404,1789388550.521808386
1371,0000001371.png,1405,1789388550.555144310
1372,0000001372.png,1406,1789388550.588479042
1373,0000001373.png,1407,1789388550.621814966
1374,0000001374.png,1408,1789388550.655150890
1375,0000001375.png,1409,1789388550.688488722
1376,0000001376.png,1410,1789388550.721825838
1377,0000001377.png,1411,1789388550.755163908
1378,0000001378.png,1412,1789388550.788501978
1379,0000001379.png,1413,1789388550.821839809
1380,0000001380.png,1414,1789388550.855176926
1381,0000001381.png,1415,1789388550.888514996
1382,0000001382.png,1416,1789388550.921853065
1383,0000001383.png,1417,1789388550.955189943
1384,0000001384.png,1418,1789388550.988528013
1385,0000001385.png,1419,1789388551.021866083
1386,0000001386.png,1420,1789388551.055203915
1387,0000001387.png,1421,1789388551.088541031
1388,0000001388.png,1422,1789388551.121878862
1389,0000001389.png,1423,1789388551.155216932
1390,0000001390.png,1424,1789388551.188554049
1391,0000001391.png,1425,1789388551.221891880
1392,0000001392.png,1426,1789388551.255229950
1393,0000001393.png,1427,1789388551.288567781
1394,0000001394.png,1428,1789388551.321905136
1395,0000001395.png,1429,1789388551.355242968
1396,0000001396.png,1430,1789388551.388580799
1397,0000001397.png,1431,1789388551.421918869
1398,0000001398.png,1432,1789388551.455255747
1399,0000001399.png,1433,1789388551.488594055
1400,0000001400.png,1434,1789388551.521931887
1401,0000001401.png,1435,1789388551.555268764
1402,0000001402.png,1436,1789388551.588606834
1403,0000001403.png,1437,1789388551.621944904
1404,0000001404.png,1438,1789388551.655282736
1405,0000001405.png,1439,1789388551.688619137
1406,0000001406.png,1440,1789388551.721956491
1407,0000001407.png,1441,1789388551.755293846
1408,0000001408.png,1442,1789388551.788631439
1409,0000001409.png,1443,1789388551.821967840
1410,0000001410.png,1444,1789388551.855305195
1411,0000001411.png,1445,1789388551.888642550
1412,0000001412.png,1446,1789388551.921978951
1413,0000001413.png,1447,1789388551.955316305
1414,0000001414.png,1448,1789388551.988653898
1415,0000001415.png,1449,1789388552.021991253
1416,0000001416.png,1450,1789388552.055327415
1417,0000001417.png,1451,1789388552.088664770
1418,0000001418.png,1452,1789388552.122002125
1419,0000001419.png,1453,1789388552.155339718
1420,0000001420.png,1454,1789388552.188675880
1421,0000001421.png,1455,1789388552.222013235
1422,0000001422.png,1456,1789388552.255350590
1423,0000001423.png,1457,1789388552.288686991
1424,0000001424.png,1458,1789388552.322024107
1425,0000001425.png,1459,1789388552.355361462
1426,0000001426.png,1460,1789388552.388699055
1427,0000001427.png,1461,1789388552.422035217
1428,0000001428.png,1462,1789388552.455372572
1429,0000001429.png,1463,1789388552.488709688
1430,0000001430.png,1464,1789388552.522046089
1431,0000001431.png,1465,1789388552.555383205
1432,0000001432.png,1466,1789388552.588720798
1433,0000001433.png,1467,1789388552.622057915
1434,0000001434.png,1468,1789388552.655394316
1435,0000001435.png,1469,1789388552.688731909
1436,0000001436.png,1470,1789388552.722069740
1437,0000001437.png,1471,1789388552.755407572
1438,0000001438.png,1472,1789388552.788744450
1439,0000001439.png,1473,1789388552.822082043
1440,0000001440.png,1474,1789388552.855419636
1441,0000001441.png,1475,1789388552.888756514
1442,0000001442.png,1476,1789388552.922094345
1443,0000001443.png,1477,1789388552.955432177
1444,0000001444.png,1478,1789388552.988769770
1445,0000001445.png,1479,1789388553.022106409
1446,0000001446.png,1480,1789388553.055444241
1447,0000001447.png,1481,1789388553.088782072
1448,0000001448.png,1482,1789388553.122119904
1449,0000001449.png,1483,1789388553.155456543
1450,0000001450.png,1484,1789388553.188794136
1451,0000001451.png,1485,1789388553.222131729
1452,0000001452.png,1486,1789388553.255468845
1453,0000001453.png,1487,1789388553.288806438
1454,0000001454.png,1488,1789388553.322144032
1455,0000001455.png,1489,1789388553.355481863
1456,0000001456.png,1490,1789388553.388818502
1457,0000001457.png,1491,1789388553.422156334
1458,0000001458.png,1492,1789388553.455493927
1459,0000001459.png,1493,1789388553.488831758
1460,0000001460.png,1494,1789388553.522168398
1461,0000001461.png,1495,1789388553.555505991
1462,0000001462.png,1496,1789388553.588843822
1463,0000001463.png,1497,1789388553.622180700
1464,0000001464.png,1498,1789388553.655518293
1465,0000001465.png,1499,1789388553.688858986
1466,0000001466.png,1500,1789388553.722199440
1467,0000001467.png,1501,1789388553.755539179
1468,0000001468.png,1502,1789388553.788879633
1469,0000001469.png,1503,1789388553.822220564
1470,0000001470.png,1504,1789388553.855560064
1471,0000001471.png,1505,1789388553.888900995
1472,0000001472.png,1506,1789388553.922241688
1473,0000001473.png,1507,1789388553.955582619
1474,0000001474.png,1508,1789388553.988922358
1475,0000001475.png,1509,1789388554.022263288
1476,0000001476.png,1510,1789388554.055603981
1477,0000001477.png,1511,1789388554.088945150
1478,0000001478.png,1512,1789388554.122284889
1479,0000001479.png,1513,1789388554.155626059
1480,0000001480.png,1514,1789388554.188966990
1481,0000001481.png,1515,1789388554.222307205
1482,0000001482.png,1516,1789388554.255648136
1483,0000001483.png,1517,1789388554.288989305
1484,0000001484.png,1518,1789388554.322330475
1485,0000001485.png,1519,1789388554.355670691
1486,0000001486.png,1520,1789388554.389011860
1487,0000001487.png,1521,1789388554.422353268
1488,0000001488.png,1522,1789388554.455694675
1489,0000001489.png,1523,1789388554.489034891
1490,0000001490.png,1524,1789388554.522376299
1491,0000001491.png,1525,1789388554.555717468
1492,0000001492.png,1526,1789388554.589058161
1493,0000001493.png,1527,1789388554.622399569
1494,0000001494.png,1528,1789388554.655740976
1495,0000001495.png,1529,1789388554.689079523
1496,0000001496.png,1530,1789388554.722417355
1497,0000001497.png,1531,1789388554.755755901
1498,0000001498.png,1532,1789388554.789094448
1499,0000001499.png,1533,1789388554.822432995
1500,0000001500.png,1534,1789388554.855770826
1501,0000001501.png,1535,1789388554.889109373
1502,0000001502.png,1536,1789388554.922447920
1503,0000001503.png,1537,1789388554.955785751
1504,0000001504.png,1538,1789388554.989124298
1505,0000001505.png,1539,1789388555.022462845
1506,0000001506.png,1540,1789388555.055801630
1507,0000001507.png,1541,1789388555.089139223
1508,0000001508.png,1542,1789388555.122477770
1509,0000001509.png,1543,1789388555.155816317
1510,0000001510.png,1544,1789388555.189154148
1511,0000001511.png,1545,1789388555.222492933
1512,0000001512.png,1546,1789388555.255831480
1513,0000001513.png,1547,1789388555.289170265
1514,0000001514.png,1548,1789388555.322507858
1515,0000001515.png,1549,1789388555.355846643
1516,0000001516.png,1550,1789388555.389185190
1517,0000001517.png,1551,1789388555.422523975
1518,0000001518.png,1552,1789388555.455861807
1519,0000001519.png,1553,1789388555.489200354
1520,0000001520.png,1554,1789388555.522539377
1521,0000001521.png,1555,1789388555.555876970
1522,0000001522.png,1556,1789388555.589215517
1523,0000001523.png,1557,1789388555.622554541
1524,0000001524.png,1558,1789388555.655893326
1525,0000001525.png,1559,1789388555.689230442
1526,0000001526.png,1560,1789388555.722568989
1527,0000001527.png,1561,1789388555.755907536
1528,0000001528.png,1562,1789388555.789245844
1529,0000001529.png,1563,1789388555.822583199
1530,0000001530.png,1564,1789388555.855921745
1531,0000001531.png,1565,1789388555.889260054
1532,0000001532.png,1566,1789388555.922597408
1533,0000001533.png,1567,1789388555.955935717
1534,0000001534.png,1568,1789388555.989274263
1535,0000001535.png,1569,1789388556.022612572
1536,0000001536.png,1570,1789388556.055949926
1537,0000001537.png,1571,1789388556.089288235
1538,0000001538.png,1572,1789388556.122626781
1539,0000001539.png,1573,1789388556.155965090
1540,0000001540.png,1574,1789388556.189302444
1541,0000001541.png,1575,1789388556.222640753
1542,0000001542.png,1576,1789388556.255979300
1543,0000001543.png,1577,1789388556.289316654
1544,0000001544.png,1578,1789388556.322654963
1545,0000001545.png,1579,1789388556.355993748
1546,0000001546.png,1580,1789388556.389332056
1547,0000001547.png,1581,1789388556.422669411
1548,0000001548.png,1582,1789388556.456007719
1549,0000001549.png,1583,1789388556.489346266
1550,0000001550.png,1584,1789388556.522683620
1551,0000001551.png,1585,1789388556.556021929
1552,0000001552.png,1586,1789388556.589360237
1553,0000001553.png,1587,1789388556.622698784
1554,0000001554.png,1588,1789388556.656036139
1555,0000001555.png,1589,1789388556.689374447
1556,0000001556.png,1590,1789388556.722712994
1557,0000001557.png,1591,1789388556.756051302
1558,0000001558.png,1592,1789388556.789388657
1559,0000001559.png,1593,1789388556.822726727
1560,0000001560.png,1594,1789388556.856065273
1561,0000001561.png,1595,1789388556.889402628
1562,0000001562.png,1596,1789388556.922740936
1563,0000001563.png,1597,1789388556.956079245
1564,0000001564.png,1598,1789388556.989417791
1565,0000001565.png,1599,1789388557.022754908
1566,0000001566.png,1600,1789388557.056093216
1567,0000001567.png,1601,1789388557.089431524
1568,0000001568.png,1602,1789388557.122770071
1569,0000001569.png,1603,1789388557.156107426
1570,0000001570.png,1604,1789388557.189445734
1571,0000001571.png,1605,1789388557.222784042
1572,0000001572.png,1606,1789388557.256121397
1573,0000001573.png,1607,1789388557.289459705
1574,0000001574.png,1608,1789388557.322798014
1575,0000001575.png,1609,1789388557.356136560
1576,0000001576.png,1610,1789388557.389473915
1577,0000001577.png,1611,1789388557.422812223
1578,0000001578.png,1612,1789388557.456150532
1579,0000001579.png,1613,1789388557.489489079
1580,0000001580.png,1614,1789388557.522826195
1581,0000001581.png,1615,1789388557.556164503
1582,0000001582.png,1616,1789388557.589502811
1583,0000001583.png,1617,1789388557.622840405
1584,0000001584.png,1618,1789388557.656178713
1585,0000001585.png,1619,1789388557.689517021
1586,0000001586.png,1620,1789388557.722855568
1587,0000001587.png,1621,1789388557.756192684
1588,0000001588.png,1622,1789388557.789530993
1589,0000001589.png,1623,1789388557.822869301
1590,0000001590.png,1624,1789388557.856206894
1591,0000001591.png,1625,1789388557.889544964
1592,0000001592.png,1626,1789388557.922883272
1593,0000001593.png,1627,1789388557.956221581
1594,0000001594.png,1628,1789388557.989559174
1595,0000001595.png,1629,1789388558.022897482
1596,0000001596.png,1630,1789388558.056235552
1597,0000001597.png,1631,1789388558.089573860
1598,0000001598.png,1632,1789388558.122911453
1599,0000001599.png,1633,1789388558.156249762
1600,0000001600.png,1634,1789388558.189588070
1601,0000001601.png,1635,1789388558.222925186
1602,0000001602.png,1636,1789388558.256263733
1603,0000001603.png,1637,1789388558.289602041
1604,0000001604.png,1638,1789388558.322940350
1605,0000001605.png,1639,1789388558.356277943
1606,0000001606.png,1640,1789388558.389616251
1607,0000001607.png,1641,1789388558.422954559
1608,0000001608.png,1642,1789388558.456292629
1609,0000001609.png,1643,1789388558.489630222
1610,0000001610.png,1644,1789388558.522968531
1611,0000001611.png,1645,1789388558.556306839
1612,0000001612.png,1646,1789388558.589644194
1613,0000001613.png,1647,1789388558.622982740
1614,0000001614.png,1648,1789388558.656321049
1615,0000001615.png,1649,1789388558.689658880
1616,0000001616.png,1650,1789388558.722995996
1617,0000001617.png,1651,1789388558.756334305
1618,0000001618.png,1652,1789388558.789672136
1619,0000001619.png,1653,1789388558.823010206
1620,0000001620.png,1654,1789388558.856347322
1621,0000001621.png,1655,1789388558.889685631
1622,0000001622.png,1656,1789388558.923023462
1623,0000001623.png,1657,1789388558.956360579
1624,0000001624.png,1658,1789388558.989698648
1625,0000001625.png,1659,1789388559.023036718
1626,0000001626.png,1660,1789388559.056374788
1627,0000001627.png,1661,1789388559.089711905
1628,0000001628.png,1662,1789388559.123049736
1629,0000001629.png,1663,1789388559.156388044
1630,0000001630.png,1664,1789388559.189725161
1631,0000001631.png,1665,1789388559.223062992
1632,0000001632.png,1666,1789388559.256401062
1633,0000001633.png,1667,1789388559.289739370
1634,0000001634.png,1668,1789388559.323076248
1635,0000001635.png,1669,1789388559.356414318
1636,0000001636.png,1670,1789388559.389752388
1637,0000001637.png,1671,1789388559.423090219
1638,0000001638.png,1672,1789388559.456427574
1639,0000001639.png,1673,1789388559.489765644
1640,0000001640.png,1674,1789388559.523103476
1641,0000001641.png,1675,1789388559.556440592
1642,0000001642.png,1676,1789388559.589778662
1643,0000001643.png,1677,1789388559.623116732
1644,0000001644.png,1678,1789388559.656454802
1645,0000001645.png,1679,1789388559.689791918
1646,0000001646.png,1680,1789388559.723130226
1647,0000001647.png,1681,1789388559.756468296
1648,0000001648.png,1682,1789388559.789806604
1649,0000001649.png,1683,1789388559.823143721
1650,0000001650.png,1684,1789388559.856482029
1651,0000001651.png,1685,1789388559.889820337
1652,0000001652.png,1686,1789388559.923157454
1653,0000001653.png,1687,1789388559.956495523
1654,0000001654.png,1688,1789388559.989833832
1655,0000001655.png,1689,1789388560.023172140
1656,0000001656.png,1690,1789388560.056509256
1657,0000001657.png,1691,1789388560.089847326
1658,0000001658.png,1692,1789388560.123185873
1659,0000001659.png,1693,1789388560.156523943
1660,0000001660.png,1694,1789388560.189861059
1661,0000001661.png,1695,1789388560.223199368
1662,0000001662.png,1696,1789388560.256537676
1663,0000001663.png,1697,1789388560.289874792
1664,0000001664.png,1698,1789388560.323213100
1665,0000001665.png,1699,1789388560.356551170
1666,0000001666.png,1700,1789388560.389889717
1667,0000001667.png,1701,1789388560.423226833
1668,0000001668.png,1702,1789388560.456564903
1669,0000001669.png,1703,1789388560.489903212
1670,0000001670.png,1704,1789388560.523240566
1671,0000001671.png,1705,1789388560.556578636
1672,0000001672.png,1706,1789388560.589916945
1673,0000001673.png,1707,1789388560.623255014
1674,0000001674.png,1708,1789388560.656592607
1675,0000001675.png,1709,1789388560.689930201
1676,0000001676.png,1710,1789388560.723267794
1677,0000001677.png,1711,1789388560.756605387
1678,0000001678.png,1712,1789388560.789942026
1679,0000001679.png,1713,1789388560.823279858
1680,0000001680.png,1714,1789388560.856617451
1681,0000001681.png,1715,1789388560.889954090
1682,0000001682.png,1716,1789388560.923291683
1683,0000001683.png,1717,1789388560.956629276
1684,0000001684.png,1718,1789388560.989967108
1685,0000001685.png,1719,1789388561.023303747
1686,0000001686.png,1720,1789388561.056641340
1687,0000001687.png,1721,1789388561.089978933
1688,0000001688.png,1722,1789388561.123316765
1689,0000001689.png,1723,1789388561.156653404
1690,0000001690.png,1724,1789388561.189990997
1691,0000001691.png,1725,1789388561.223328352
1692,0000001692.png,1726,1789388561.256664991
1693,0000001693.png,1727,1789388561.290002584
1694,0000001694.png,1728,1789388561.323340416
1695,0000001695.png,1729,1789388561.356678009
1696,0000001696.png,1730,1789388561.390014648
1697,0000001697.png,1731,1789388561.423352242
1698,0000001698.png,1732,1789388561.456689596
1699,0000001699.png,1733,1789388561.490027428
1700,0000001700.png,1734,1789388561.523364067
1701,0000001701.png,1735,1789388561.556701660
1702,0000001702.png,1736,1789388561.590039253
1703,0000001703.png,1737,1789388561.623375654
1704,0000001704.png,1738,1789388561.656713486
1705,0000001705.png,1739,1789388561.690052271
1706,0000001706.png,1740,1789388561.723391056
1707,0000001707.png,1741,1789388561.756728888
1708,0000001708.png,1742,1789388561.790067911
1709,0000001709.png,1743,1789388561.823406696
1710,0000001710.png,1744,1789388561.856744528
1711,0000001711.png,1745,1789388561.890083551
1712,0000001712.png,1746,1789388561.923422337
1713,0000001713.png,1747,1789388561.956761122
1714,0000001714.png,1748,1789388561.990099192
1715,0000001715.png,1749,1789388562.023437977
1716,0000001716.png,1750,1789388562.056776762
1717,0000001717.png,1751,1789388562.090116024
1718,0000001718.png,1752,1789388562.123453856
1719,0000001719.png,1753,1789388562.156792641
1720,0000001720.png,1754,1789388562.190131664
1721,0000001721.png,1755,1789388562.223469734
1722,0000001722.png,1756,1789388562.256808519
1723,0000001723.png,1757,1789388562.290147543
1724,0000001724.png,1758,1789388562.323486567
1725,0000001725.png,1759,1789388562.356824398
1726,0000001726.png,1760,1789388562.390163422
1727,0000001727.png,1761,1789388562.423502445
1728,0000001728.png,1762,1789388562.456841230
1729,0000001729.png,1763,1789388562.490179539
1730,0000001730.png,1764,1789388562.523518324
1731,0000001731.png,1765,1789388562.556857347
1732,0000001732.png,1766,1789388562.590195417
1733,0000001733.png,1767,1789388562.623534441
1734,0000001734.png,1768,1789388562.656873226
1735,0000001735.png,1769,1789388562.690211773
1736,0000001736.png,1770,1789388562.723549128
1737,0000001737.png,1771,1789388562.756887197
1738,0000001738.png,1772,1789388562.790225506
1739,0000001739.png,1773,1789388562.823564053
1740,0000001740.png,1774,1789388562.856901169
1741,0000001741.png,1775,1789388562.890239477
1742,0000001742.png,1776,1789388562.923577785
1743,0000001743.png,1777,1789388562.956915140
1744,0000001744.png,1778,1789388562.990253448
1745,0000001745.png,1779,1789388563.023591757
1746,0000001746.png,1780,1789388563.056930065
1747,0000001747.png,1781,1789388563.090267420
1748,0000001748.png,1782,1789388563.123605728
1749,0000001749.png,1783,1789388563.156944036
1750,0000001750.png,1784,1789388563.190281153
1751,0000001751.png,1785,1789388563.223619699
1752,0000001752.png,1786,1789388563.256958008
1753,0000001753.png,1787,1789388563.290296078
1754,0000001754.png,1788,1789388563.323633432
1755,0000001755.png,1789,1789388563.356971979
1756,0000001756.png,1790,1789388563.390310049
1757,0000001757.png,1791,1789388563.423648357
1758,0000001758.png,1792,1789388563.456985950
1759,0000001759.png,1793,1789388563.490324259
1760,0000001760.png,1794,1789388563.523662329
1761,0000001761.png,1795,1789388563.556999683
1762,0000001762.png,1796,1789388563.590338230
1763,0000001763.png,1797,1789388563.623676300
1764,0000001764.png,1798,1789388563.657014608
1765,0000001765.png,1799,1789388563.690351725
1766,0000001766.png,1800,1789388563.723689795
1767,0000001767.png,1801,1789388563.757027864
1768,0000001768.png,1802,1789388563.790365696
1769,0000001769.png,1803,1789388563.823702812
1770,0000001770.png,1804,1789388563.857041121
1771,0000001771.png,1805,1789388563.890378952
1772,0000001772.png,1806,1789388563.923716068
1773,0000001773.png,1807,1789388563.957053900
1774,0000001774.png,1808,1789388563.990392208
1775,0000001775.png,1809,1789388564.023730040
1776,0000001776.png,1810,1789388564.057067156
1777,0000001777.png,1811,1789388564.090404987
1778,0000001778.png,1812,1789388564.123743057
1779,0000001779.png,1813,1789388564.157081127
1780,0000001780.png,1814,1789388564.190418243
1781,0000001781.png,1815,1789388564.223756075
1782,0000001782.png,1816,1789388564.257094145
1783,0000001783.png,1817,1789388564.290431261
1784,0000001784.png,1818,1789388564.323769331
1785,0000001785.png,1819,1789388564.357107162
1786,0000001786.png,1820,1789388564.390445232
1787,0000001787.png,1821,1789388564.423782110
1788,0000001788.png,1822,1789388564.457120419
1789,0000001789.png,1823,1789388564.490458250
1790,0000001790.png,1824,1789388564.523795366
1791,0000001791.png,1825,1789388564.557133198
1792,0000001792.png,1826,1789388564.590471268
1793,0000001793.png,1827,1789388564.623809338
1794,0000001794.png,1828,1789388564.657146215
1795,0000001795.png,1829,1789388564.690484762
1796,0000001796.png,1830,1789388564.723823309
1797,0000001797.png,1831,1789388564.757161856
1798,0000001798.png,1832,1789388564.790499210
