frame_id,n_match,n_match_Q,n_opt,n_total
1,103921,101794,101794,147456
2,101140,99110,99110,147456
3,98278,96235,96235,147456
4,101628,99758,99758,147456
5,102018,100641,100641,147456
6,100966,98992,98992,147456
7,104716,102895,102895,147456
8,95626,93967,93967,147456
9,100506,98751,98751,147456
10,103619,101869,101869,147456
11,102653,100922,100922,147456
12,97274,95381,95381,147456
13,99900,98089,98089,147456
14,100795,99023,99023,147456
15,100116,98653,98653,147456
16,98399,96915,96915,147456
17,102007,100340,100340,147456
18,100788,98912,98912,147456
19,96657,94813,94813,147456
20,101836,100172,100172,147456
21,97607,95437,95437,147456
22,100454,98609,98609,147456
23,100995,99181,99181,147456
24,99451,97280,97280,147456
25,101138,99474,99474,147456
26,94810,93067,93067,147456
27,99935,98642,98642,147456
28,94609,92408,92408,147456
29,97068,95592,95592,147456
30,98793,97585,97585,147456
31,97112,95347,95347,147456
32,98934,97172,97172,147456
33,100009,97892,97892,147456
34,96011,94258,94258,147456
35,102333,101250,101250,147456
36,98918,97256,97256,147456
37,100688,98488,98488,147456
38,100125,98217,98217,147456
39,94432,92212,92212,147456
40,100828,98958,98958,147456
41,101538,99360,99360,147456
42,100996,99376,99376,147456
43,98121,96178,96178,147456
44,101118,99813,99813,147456
45,102506,100931,100931,147456
46,94656,93144,93144,147456
47,96259,94513,94513,147456
48,97620,95733,95733,147456
49,99021,97019,97019,147456
50,99056,97381,97381,147456
51,101784,100079,100079,147456
52,98113,96755,96755,147456
53,100420,98746,98746,147456
54,98310,96457,96457,147456
55,92501,90478,90478,147456
56,97311,95468,95468,147456
57,101042,99149,99149,147456
58,96744,95236,95236,147456
59,102265,100361,100361,147456
60,101596,99868,99868,147456
61,98581,96745,96745,147456
62,98485,96784,96784,147456
63,102564,100739,100739,147456
64,100198,98323,98323,147456
65,99352,97896,97896,147456
66,102898,101248,101248,147456
67,98985,97332,97332,147456
68,100002,98321,98321,147456
69,98447,96558,96558,147456
70,95298,93137,93137,147456
71,97620,96212,96212,147456
72,99020,97169,97169,147456
73,98290,95835,95835,147456
74,100492,98512,98512,147456
75,99897,98461,98461,147456
76,101220,99575,99575,147456
77,101370,99597,99597,147456
78,103809,102018,102018,147456
79,101514,100080,100080,147456
80,105718,104152,104152,147456
81,99398,97628,97628,147456
82,103504,101625,101625,147456
83,99040,97365,97365,147456
84,106337,104131,104131,147456
85,102105,100196,100196,147456
86,100745,98984,98984,147456
87,103222,101319,101319,147456
88,103587,101689,101689,147456
89,97655,95908,95908,147456
90,98531,96937,96937,147456
91,101376,99483,99483,147456
92,102528,100762,100762,147456
93,99115,97215,97215,147456
94,98344,96713,96713,147456
95,104420,102679,102679,147456
96,100747,98829,98829,147456
97,98055,96361,96361,147456
98,97867,96594,96594,147456
99,91690,89438,89438,147456
100,97427,95822,95822,147456
101,99752,97676,97676,147456
102,95915,94119,94119,147456
103,99438,97547,97547,147456
104,103333,101725,101725,147456
105,103162,101729,101729,147456
106,100788,98893,98893,147456
107,103217,101967,101967,147456
108,102688,101063,101063,147456
109,98332,96580,96580,147456
110,102101,100349,100349,147456
111,99800,98066,98066,147456
112,101953,99442,99442,147456
113,102918,101249,101249,147456
114,95430,94164,94164,147456
115,99193,97426,97426,147456
116,100352,98055,98055,147456
117,98945,96661,96661,147456
118,97830,95879,95879,147456
119,98372,96637,96637,147456
120,97443,95959,95959,147456
121,96331,94562,94562,147456
122,99669,98089,98089,147456
123,97483,95834,95834,147456
124,100704,98500,98500,147456
125,100435,99034,99034,147456
126,99435,97900,97900,147456
127,97055,95089,95089,147456
128,100080,98665,98665,147456
129,98691,96860,96860,147456
130,98275,96427,96427,147456
131,92505,91030,91030,147456
132,101053,99252,99252,147456
133,105236,103195,103195,147456
134,97158,95715,95715,147456
135,98943,97052,97052,147456
136,97773,96067,96067,147456
137,100064,98303,98303,147456
138,103877,101818,101818,147456
139,97877,96100,96100,147456
140,99836,97943,97943,147456
141,98008,96030,96030,147456
142,101838,99063,99063,147456
143,101206,98779,98779,147456
144,99445,97518,97518,147456
145,99214,96928,96928,147456
146,98699,97060,97060,147456
147,99311,97517,97517,147456
148,96683,95116,95116,147456
149,99051,97248,97248,147456
150,98207,96122,96122,147456
151,100750,98645,98645,147456
152,97023,95210,95210,147456
153,95751,93735,93735,147456
154,97943,95541,95541,147456
155,99265,97157,97157,147456
156,101292,99735,99735,147456
157,97022,95274,95274,147456
158,103396,102137,102137,147456
159,99315,98151,98151,147456
160,101755,99161,99161,147456
161,99565,97650,97650,147456
162,95938,94144,94144,147456
163,100263,98560,98560,147456
164,101465,100016,100016,147456
165,100441,98622,98622,147456
166,101267,99087,99087,147456
167,98669,96855,96855,147456
168,102668,100684,100684,147456
169,95764,94216,94216,147456
170,100616,98671,98671,147456
171,96958,95078,95078,147456
172,99530,97076,97076,147456
173,98643,96874,96874,147456
174,97822,95889,95889,147456
175,100853,98741,98741,147456
176,100410,98884,98884,147456
177,97266,96002,96002,147456
178,98315,96782,96782,147456
179,100535,98950,98950,147456
180,97009,95681,95681,147456
181,99524,97728,97728,147456
182,91755,90111,90111,147456
183,97159,95434,95434,147456
184,98774,97417,97417,147456
185,100859,98696,98696,147456
186,104256,102694,102694,147456
187,96866,95031,95031,147456
188,97931,96150,96150,147456
189,100092,98306,98306,147456
190,101439,98875,98875,147456
191,97196,95690,95690,147456
192,96951,94889,94889,147456
193,102078,100534,100534,147456
194,101264,99143,99143,147456
195,95676,94114,94114,147456
196,100407,98263,98263,147456
197,101579,99405,99405,147456
198,102198,100472,100472,147456
199,103210,101371,101371,147456
200,99393,97909,97909,147456
201,98230,96386,96386,147456
202,95433,93667,93667,147456
203,99384,97359,97359,147456
204,97011,95144,95144,147456
205,97325,95470,95470,147456
206,99071,97653,97653,147456
207,97915,95767,95767,147456
208,103241,101350,101350,147456
209,95817,93989,93989,147456
210,97782,96002,96002,147456
211,100528,98945,98945,147456
212,98241,96475,96475,147456
213,95996,94202,94202,147456
214,102835,101197,101197,147456
215,98156,96790,96790,147456
216,99179,97435,97435,147456
217,100807,99378,99378,147456
218,103037,101262,101262,147456
219,96427,94748,94748,147456
220,100312,98296,98296,147456
221,98341,96290,96290,147456
222,97008,94997,94997,147456
223,100971,98884,98884,147456
224,96309,94496,94496,147456
225,101686,100421,100421,147456
226,99311,97689,97689,147456
227,100675,99140,99140,147456
228,103204,101030,101030,147456
229,96510,94719,94719,147456
230,100986,99267,99267,147456
231,98599,97463,97463,147456
232,99853,98009,98009,147456
233,99072,97109,97109,147456
234,97423,96128,96128,147456
235,94988,92742,92742,147456
236,98214,96203,96203,147456
237,95259,93684,93684,147456
238,95190,93692,93692,147456
239,100496,98847,98847,147456
240,99447,98031,98031,147456
241,98272,96172,96172,147456
242,98091,96386,96386,147456
243,95937,94515,94515,147456
244,105008,103653,103653,147456
245,97344,96698,96698,147456
246,94101,92933,92933,147456
247,101881,99860,99860,147456
248,100771,99313,99313,147456
249,98043,97827,97827,147456
250,95600,94517,94517,147456
251,95513,94187,94187,147456
252,98853,96215,96215,147456
253,94454,92125,92125,147456
254,95413,93583,93583,147456
255,97443,95593,95593,147456
256,98714,95453,95453,147456
257,104102,100362,100362,147456
258,106983,103328,103328,147456
259,104797,101234,101234,147456
260,100699,97588,97588,147456
261,98692,95450,95450,147456
262,88377,86113,86113,147456
263,85039,82460,82460,147456
264,81968,72982,72982,147456
265,74720,64601,64601,147456
266,72319,61265,61265,147456
267,64242,54661,54661,147456
268,52412,43890,43890,147456
269,45593,44743,44743,147456
270,34885,34447,34447,147456
271,56244,55978,55978,147456
272,45920,44065,44065,147456
273,66692,65711,65711,147456
274,56836,55322,55322,147456
275,59508,58298,58298,147456
276,65235,61799,61799,147456
277,59512,56777,56777,147456
278,65953,62618,62618,147456
279,53589,50396,50396,147456
280,76235,70647,70647,147456
281,77372,74353,74353,147456
282,75962,73189,73189,147456
283,73469,69621,69621,147456
284,67024,65542,65542,147456
285,61687,58589,58589,147456
286,57617,54409,54409,147456
287,93754,90902,90902,147456
288,83890,83387,83387,147456
289,86252,83869,83869,147456
290,95129,89881,89881,147456
291,89507,85482,85482,147456
292,90648,88963,88963,147456
293,96764,95827,95827,147456
294,87935,87230,87230,147456
295,83770,82859,82859,147456
296,78387,77957,77957,147456
297,78814,77881,77881,147456
298,76344,74973,74973,147456
299,71733,70740,70740,147456
300,72843,72483,72483,147456
301,68962,68214,68214,147456
302,87853,84958,84958,147456
303,96091,93957,93957,147456
304,93171,87837,87837,147456
305,94346,91218,91218,147456
306,90506,87810,87810,147456
307,90996,88449,88449,147456
308,87751,84411,84411,147456
309,83875,81766,81766,147456
310,81287,79639,79639,147456
311,78112,75180,75180,147456
312,76176,71589,71589,147456
313,73222,70006,70006,147456
314,71635,69927,69927,147456
315,69586,68477,68477,147456
316,68227,66875,66875,147456
317,67178,66394,66394,147456
318,64028,62896,62896,147456
319,62719,61870,61870,147456
320,61385,60024,60024,147456
321,60645,59077,59077,147456
322,56527,55381,55381,147456
323,54477,53190,53190,147456
324,51524,50866,50866,147456
325,90496,89659,89659,147456
326,96850,95605,95605,147456
327,99814,97421,97421,147456
328,95462,93379,93379,147456
329,93579,91172,91172,147456
330,93420,90660,90660,147456
331,91725,89670,89670,147456
332,90523,87090,87090,147456
333,86680,83198,83198,147456
334,84718,81829,81829,147456
335,80842,77023,77023,147456
336,78915,76040,76040,147456
337,77588,74260,74260,147456
338,75283,72893,72893,147456
339,75692,72540,72540,147456
340,76662,72774,72774,147456
341,77534,74228,74228,147456
342,77238,73593,73593,147456
343,80318,75490,75490,147456
344,79080,74137,74137,147456
345,83328,77982,77982,147456
346,80338,75349,75349,147456
347,81425,76464,76464,147456
348,82119,77700,77700,147456
349,85097,80606,80606,147456
350,83460,79957,79957,147456
351,83237,79351,79351,147456
352,88466,84080,84080,147456
353,89795,84128,84128,147456
354,91099,85398,85398,147456
355,90144,85158,85158,147456
356,93429,87589,87589,147456
357,94352,89036,89036,147456
358,97387,88780,88780,147456
359,95256,87031,87031,147456
360,97444,87584,87584,147456
361,99514,88135,88135,147456
362,100198,89676,89676,147456
363,97013,85945,85945,147456
364,98454,86146,86146,147456
365,95678,85444,85444,147456
366,96819,88439,88439,147456
367,97237,89243,89243,147456
368,99184,90969,90969,147456
369,95838,89173,89173,147456
370,97177,90088,90088,147456
371,97633,89501,89501,147456
372,95108,87071,87071,147456
373,93277,85073,85073,147456
374,92156,82476,82476,147456
375,90004,79798,79798,147456
376,107928,107542,107542,147456
377,105130,103446,103446,147456
378,104137,102766,102766,147456
379,96004,94663,94663,147456
380,83483,82794,82794,147456
381,85417,84803,84803,147456
382,74263,73252,73252,147456
383,68984,68760,68760,147456
384,61280,60426,60426,147456
385,56170,55034,55034,147456
386,60592,60065,60065,147456
387,56961,56256,56256,147456
388,52764,52075,52075,147456
389,42985,42368,42368,147456
390,71138,70399,70399,147456
391,45556,43608,43608,147456
392,84727,83261,83261,147456
393,46328,44877,44877,147456
394,81366,81137,81137,147456
395,73595,72627,72627,147456
396,77609,77057,77057,147456
397,75898,74358,74358,147456
398,78182,77826,77826,147456
399,76374,76244,76244,147456
400,77231,77164,77164,147456
401,74600,74518,74518,147456
402,60994,60879,60879,147456
403,71095,70950,70950,147456
404,78751,78496,78496,147456
405,77659,77493,77493,147456
406,79264,78912,78912,147456
407,77678,76924,76924,147456
408,79585,78386,78386,147456
409,78599,77737,77737,147456
410,75103,74663,74663,147456
411,72957,72733,72733,147456
412,68372,67851,67851,147456
413,69946,69053,69053,147456
414,65430,64447,64447,147456
415,49149,47944,47944,147456
416,100886,100886,100886,147456
417,95768,95768,95768,147456
418,102004,102004,102004,147456
419,99223,99204,99204,147456
420,93246,92690,92690,147456
421,94123,92793,92793,147456
422,91367,89860,89860,147456
423,93465,92129,92129,147456
424,91163,89105,89105,147456
425,87896,86117,86117,147456
426,82785,80328,80328,147456
427,80165,77779,77779,147456
428,80401,78175,78175,147456
429,76401,73877,73877,147456
430,73072,70991,70991,147456
431,75409,73176,73176,147456
432,73622,71396,71396,147456
433,64837,62612,62612,147456
434,59641,57283,57283,147456
435,63490,62188,62188,147456
436,53302,52022,52022,147456
437,53852,53103,53103,147456
438,42798,42111,42111,147456
439,118463,118463,118463,147456
440,113070,113064,113064,147456
441,108606,105660,105660,147456
442,97786,93137,93137,147456
443,81918,77187,77187,147456
444,62836,60681,60681,147456
445,77522,73818,73818,147456
446,81411,77856,77856,147456
447,64401,60789,60789,147456
448,58247,54967,54967,147456
449,51414,49553,49553,147456
450,107512,107512,107512,147456
451,108093,108075,108075,147456
452,105722,104698,104698,147456
453,105690,103045,103045,147456
454,97426,95597,95597,147456
455,93340,91477,91477,147456
456,96139,94531,94531,147456
457,102046,99953,99953,147456
458,96551,96192,96192,147456
459,102859,102259,102259,147456
460,101528,98430,98430,147456
461,108445,103972,103972,147456
462,102452,99494,99494,147456
463,104576,102780,102780,147456
464,105995,102578,102578,147456
465,100248,97568,97568,147456
466,97329,94443,94443,147456
467,94879,91831,91831,147456
468,95907,92480,92480,147456
469,91548,88308,88308,147456
470,84090,81773,81773,147456
471,79255,77125,77125,147456
472,78067,76037,76037,147456
473,71407,69210,69210,147456
474,70544,68725,68725,147456
475,72538,70799,70799,147456
476,73595,71218,71218,147456
477,74441,72011,72011,147456
478,79292,76790,76790,147456
479,78896,77468,77468,147456
480,80821,79537,79537,147456
481,81903,79431,79431,147456
482,83938,81652,81652,147456
483,82373,81018,81018,147456
484,82931,80466,80466,147456
485,80782,79206,79206,147456
486,108769,107973,107973,147456
487,101215,97247,97247,147456
488,107490,103623,103623,147456
489,104487,94257,94257,147456
490,101646,93037,93037,147456
491,87094,77514,77514,147456
492,72080,62190,62190,147456
493,77004,75990,75990,147456
494,57694,54758,54758,147456
495,74916,74037,74037,147456
496,72575,63861,63861,147456
497,80218,74774,74774,147456
498,76783,59072,59072,147456
499,50489,20538,20538,147456
500,55860,55191,55191,147456
501,71808,69894,69894,147456
502,40809,36022,36022,147456
503,106962,105543,105543,147456
504,75459,73404,73404,147456
505,105263,101775,101775,147456
506,105423,99845,99845,147456
507,104884,100222,100222,147456
508,98504,83555,83555,147456
509,88323,76488,76488,147456
510,91233,80811,80811,147456
511,91226,79428,79428,147456
512,88432,83705,83705,147456
513,87974,78855,78855,147456
514,80303,74162,74162,147456
515,78903,71709,71709,147456
516,70212,64390,64390,147456
517,66408,54969,54969,147456
518,64724,60861,60861,147456
519,62260,60195,60195,147456
520,61067,56896,56896,147456
521,59668,56927,56927,147456
522,125462,124625,124625,147456
523,125164,123406,123406,147456
524,123185,122613,122613,147456
525,115133,114680,114680,147456
526,119008,118410,118410,147456
527,106616,105808,105808,147456
528,104091,102423,102423,147456
529,108413,106295,106295,147456
530,96098,94346,94346,147456
531,100962,98186,98186,147456
532,100019,97245,97245,147456
533,102115,98524,98524,147456
534,95539,91829,91829,147456
535,92975,89942,89942,147456
536,91286,87949,87949,147456
537,94879,89411,89411,147456
538,93238,87023,87023,147456
539,96880,91078,91078,147456
540,91881,79098,79098,147456
541,77780,57965,57965,147456
542,115401,114635,114635,147456
543,119965,119965,119965,147456
544,113795,113795,113795,147456
545,96932,96929,96929,147456
546,68296,68284,68284,147456
547,59399,59326,59326,147456
548,61252,61221,61221,147456
549,66983,66960,66960,147456
550,72832,72679,72679,147456
551,59249,59064,59064,147456
552,64800,64552,64552,147456
553,66743,66339,66339,147456
554,78504,77644,77644,147456
555,74612,73937,73937,147456
556,74778,73453,73453,147456
557,71933,70580,70580,147456
558,72681,70616,70616,147456
559,77410,75611,75611,147456
560,86233,83495,83495,147456
561,90491,86993,86993,147456
562,86655,83177,83177,147456
563,89591,86208,86208,147456
564,87817,84732,84732,147456
565,83997,81050,81050,147456
566,92359,88776,88776,147456
567,95236,91887,91887,147456
568,95609,92321,92321,147456
569,97143,94239,94239,147456
570,95870,92938,92938,147456
571,91293,88166,88166,147456
572,91001,87861,87861,147456
573,78395,75944,75944,147456
574,87325,85682,85682,147456
575,82476,81100,81100,147456
576,52021,49557,49557,147456
577,82625,82625,82625,147456
578,82930,82457,82457,147456
579,85177,84698,84698,147456
580,83561,82731,82731,147456
581,93890,92387,92387,147456
582,87163,86777,86777,147456
583,85846,85585,85585,147456
584,69662,68894,68894,147456
585,76528,70693,70693,147456
586,72321,60239,60239,147456
587,55006,42802,42802,147456
588,1396,1260,1260,147456
588,42905,31160,31160,147456
589,457,325,325,147456
