t_sec,x,y,z,qw,qx,qy,qz
1790682660.529364586,0.000000000,0.000000000,0.000000000,1.000000000,0.000000000,0.000000000,0.000000000
1790682660.562747240,-0.000002545,0.000018327,0.000010827,1.000000000,-0.000006298,-0.000003376,-0.000027742
1790682660.596114159,0.000003053,0.000017596,0.000025585,1.000000000,-0.000006894,-0.000002158,-0.000026310
1790682660.629467010,-0.000000876,0.000013345,0.000013877,1.000000000,-0.000004452,-0.000001549,-0.000024838
1790682660.662805080,-0.000004033,0.000009421,0.000027821,1.000000000,-0.000006630,0.000004144,-0.000018208
1790682660.696127415,-0.000000075,0.000022912,0.000007326,1.000000000,-0.000004942,-0.000007161,-0.000032737
1790682660.729435444,-0.000031133,0.000040847,-0.000020139,1.000000000,-0.000001120,0.000007506,-0.000043952
1790682660.762728930,-0.000009798,0.000022490,0.000010193,1.000000000,-0.000003262,-0.000001338,-0.000032389
1790682660.796007395,-0.000018777,0.000047930,-0.000005648,1.000000000,0.000006727,0.000004173,-0.000038636
1790682660.829269886,-0.000025640,0.000046689,-0.000011334,1.000000000,0.000004179,0.000009036,-0.000033996
1790682660.862518311,-0.000002590,0.000010420,0.000013183,1.000000000,-0.000008718,-0.000002935,-0.000026016
1790682660.895751953,-0.000003117,0.000014578,0.000008818,1.000000000,-0.000010211,-0.000002387,-0.000029456
1790682660.928970814,-0.000038781,0.000089135,-0.000037768,1.000000000,0.000023258,0.000010552,-0.000062955
1790682660.962173700,-0.000020641,0.000025211,-0.000012447,1.000000000,-0.000003937,0.000003778,-0.000035758
1790682660.995362520,-0.000008430,0.000006232,0.000022212,1.000000000,-0.000010473,0.000000838,-0.000024790
1790682661.028536558,-0.000044858,0.000077593,-0.000026154,1.000000000,0.000018650,0.000015580,-0.000059275
1790682661.061694622,-0.000025554,0.000036051,-0.000017704,1.000000000,0.000000804,0.000005923,-0.000034233
1790682661.094838858,-0.000036809,0.000063429,-0.000025646,1.000000000,0.000017226,0.000013662,-0.000042454
1790682661.127968073,0.000001447,0.000015482,0.000028659,1.000000000,-0.000004128,-0.000005193,-0.000029354
1790682661.161082268,-0.000025345,0.000043148,-0.000009360,1.000000000,0.000004555,0.000009059,-0.000030259
1790682661.194180965,-0.000014624,0.000024474,0.000000946,1.000000000,-0.000003680,0.000004669,-0.000036895
1790682661.227265358,0.000008757,0.000025808,0.000018372,1.000000000,0.000002762,-0.000009344,-0.000031053
1790682661.260334969,-0.000051994,0.000056946,-0.000045101,1.000000000,0.000002199,0.000013526,-0.000042842
1790682661.293389559,-0.000011996,0.000031200,0.000006347,1.000000000,0.000003554,0.000005246,-0.000030462
1790682661.326428413,-0.000039984,0.000044681,-0.000030839,1.000000000,-0.000002365,0.000014335,-0.000037477
1790682661.359453440,0.000003590,0.000011561,0.000008607,1.000000000,-0.000012634,-0.000010527,-0.000027319
1790682661.392463207,-0.000027596,0.000037743,-0.000017825,1.000000000,0.000000901,0.000009587,-0.000036652
1790682661.425458908,-0.000030394,0.000043828,-0.000013626,1.000000000,0.000008492,0.000010308,-0.000036341
1790682661.458825111,-0.000063028,0.000053921,-0.000044960,1.000000000,0.000004671,0.000027165,-0.000037352
1790682661.492188215,-0.000030743,0.000060916,-0.000019244,1.000000000,0.000017103,0.000012678,-0.000029407
1790682661.525547743,0.000002794,0.000020428,0.000017146,1.000000000,-0.000001917,-0.000002228,-0.000024593
1790682661.558903217,-0.000032256,0.000045024,-0.000029858,1.000000000,0.000004385,0.000010375,-0.000042203
1790682661.592256308,-0.000008077,0.000023190,0.000015901,1.000000000,-0.000000126,0.000003360,-0.000030162
1790682661.625606060,-0.000002228,0.000021163,0.000000536,1.000000000,-0.000006675,-0.000005117,-0.000036496
1790682661.658951759,-0.000008624,0.000033820,0.000000187,1.000000000,0.000002030,-0.000001280,-0.000030199
1790682661.692294598,-0.000033369,0.000048630,-0.000020289,1.000000000,0.000006573,0.000009720,-0.000051615
1790682661.725634813,-0.000011805,0.000033898,0.000000691,1.000000000,-0.000000821,0.000002280,-0.000033847
1790682661.758971214,-0.000007595,0.000020310,0.000014301,1.000000000,-0.000005292,0.000002082,-0.000029650
1790682661.792303801,-0.000041461,0.000049990,-0.000022972,1.000000000,-0.000000711,0.000016099,-0.000048070
1790682661.825633526,-0.000062076,0.000068855,-0.000022872,1.000000000,0.000023137,0.000020847,-0.000041386
1790682661.858960390,-0.000042412,0.000075176,-0.000044165,1.000000000,0.000015643,0.000010333,-0.000053049
1790682661.892283916,-0.000012706,0.000018941,0.000011850,1.000000000,-0.000006407,0.000003980,-0.000029241
1790682661.925602913,-0.000002674,0.000017037,0.000005197,1.000000000,-0.000009207,-0.000003565,-0.000026543
1790682661.958920002,-0.000017526,0.000043807,0.000000257,1.000000000,0.000006947,0.000005325,-0.000033702
1790682661.992233753,-0.000021012,0.000042897,-0.000014357,1.000000000,0.000003993,0.000001665,-0.000041597
1790682662.025542974,-0.000003162,0.000027928,0.000006138,1.000000000,-0.000001263,-0.000003667,-0.000039874
1790682662.058849812,-0.000109381,0.000117532,-0.000089751,1.000000000,0.000049007,0.000024505,-0.000096424
1790682662.092153549,-0.000036518,0.000054291,-0.000017405,1.000000000,0.000010770,0.000009646,-0.000044654
1790682662.125454187,-0.000056128,0.000081466,-0.000047963,1.000000000,0.000021575,0.000023757,-0.000045270
1790682662.158750296,-0.000022306,0.000042323,-0.000009538,1.000000000,0.000005511,0.000003435,-0.000040097
1790682662.192044258,-0.000014341,0.000034042,0.000003428,1.000000000,0.000003163,0.000004188,-0.000037409
1790682662.225334644,-0.000032958,0.000047074,-0.000019832,1.000000000,0.000004743,0.000010459,-0.000033422
1790682662.258622169,-0.000009634,0.000027871,0.000001149,1.000000000,0.000002630,0.000001940,-0.000028791
1790682662.291904926,-0.000033835,0.000051558,-0.000029505,1.000000000,0.000005599,0.000007651,-0.000053028
1790682662.325185537,-0.000062878,0.000058988,-0.000039896,1.000000000,0.000010852,0.000021290,-0.000038433
1790682662.358463049,-0.000074730,0.000091038,-0.000067714,1.000000000,0.000026302,0.000028591,-0.000058013
1790682662.391736269,-0.000041074,0.000052868,-0.000025871,1.000000000,0.000013140,0.000017237,-0.000039380
1790682662.425007582,-0.000031109,0.000036949,-0.000025260,1.000000000,0.000000097,0.000007053,-0.000038931
1790682662.458265066,-0.000014573,0.000028338,-0.000008912,1.000000000,0.000001322,0.000002595,-0.000030863
1790682662.491518021,-0.000043949,0.000060634,-0.000029393,1.000000000,0.000012892,0.000014193,-0.000038096
1790682662.524765491,-0.000004931,0.000020145,0.000010029,1.000000000,-0.000003843,-0.000004093,-0.000026313
1790682662.558009148,-0.000004455,-0.000001950,0.000022136,1.000000000,-0.000015747,-0.000005381,-0.000012235
1790682662.591248274,-0.000045810,0.000040012,-0.000033616,1.000000000,0.000006580,0.000020195,-0.000024196
1790682662.624482632,-0.000017848,0.000038992,-0.000005064,1.000000000,0.000001021,0.000003121,-0.000044823
1790682662.657711744,-0.000028830,0.000046506,-0.000013625,1.000000000,0.000012821,0.000010331,-0.000031608
1790682662.690937042,-0.000012108,0.000017313,0.000005210,1.000000000,-0.000003413,0.000004867,-0.000021853
1790682662.724158049,-0.000034258,0.000058933,-0.000015884,1.000000000,0.000017445,0.000014676,-0.000029025
1790682662.757373095,-0.000081409,0.000061583,-0.000042633,1.000000000,0.000030036,0.000031232,-0.000067648
1790682662.790584803,-0.000045198,0.000058493,-0.000031461,1.000000000,0.000016122,0.000014474,-0.000046872
1790682662.823791742,-0.000014000,0.000004623,0.000000801,1.000000000,-0.000014473,0.000001561,-0.000024520
1790682662.856994152,-0.000012392,0.000011500,0.000008295,1.000000000,-0.000007073,0.000006035,-0.000023839
1790682662.890191078,-0.000029046,0.000044792,0.000001019,1.000000000,0.000015389,0.000012169,-0.000026310
1790682662.923384190,-0.000051601,0.000076115,-0.000044320,1.000000000,0.000012324,0.000016461,-0.000046535
1790682662.956573009,-0.000053136,0.000056127,-0.000038149,1.000000000,0.000017984,0.000018788,-0.000048559
1790682662.989756107,-0.000017569,0.000039134,-0.000016190,1.000000000,0.000003315,0.000005609,-0.000028760
1790682663.022935629,-0.000000994,0.000034652,0.000013442,1.000000000,0.000007149,-0.000003066,-0.000034911
1790682663.056110620,-0.000007193,0.000017415,0.000015984,1.000000000,-0.000004495,0.000004709,-0.000027378
1790682663.089280844,-0.000013366,0.000038158,0.000004280,1.000000000,-0.000000384,0.000002645,-0.000037847
1790682663.122445583,-0.000002761,0.000022372,0.000020957,1.000000000,-0.000000215,-0.000002086,-0.000029545
1790682663.155606747,-0.000043841,0.000058292,-0.000026953,1.000000000,0.000013618,0.000014700,-0.000048722
1790682663.188763380,-0.000011693,0.000037909,-0.000002998,1.000000000,0.000003354,0.000004486,-0.000039048
1790682663.221915245,-0.000023745,0.000027645,-0.000003910,1.000000000,0.000000537,0.000009892,-0.000031313
1790682663.255061865,-0.000010770,0.000013975,0.000000618,1.000000000,-0.000006915,0.000001334,-0.000028054
1790682663.288204670,-0.000025884,0.000050891,-0.000018532,1.000000000,0.000011542,0.000007063,-0.000046079
1790682663.321342707,-0.000020558,0.000031780,-0.000013205,1.000000000,-0.000003936,0.000004743,-0.000042921
1790682663.354475260,-0.000011647,0.000027078,0.000008488,1.000000000,-0.000001945,0.000003579,-0.000032532
1790682663.387604475,-0.000020612,0.000037324,-0.000005938,1.000000000,0.000004623,0.000009019,-0.000030460
1790682663.420729637,-0.000015103,0.000022447,-0.000001332,1.000000000,-0.000005992,0.000003177,-0.000038458
1790682663.454065561,-0.000008929,0.000008118,-0.000001938,1.000000000,-0.000013210,0.000001511,-0.000024183
1790682663.487400293,-0.000046177,0.000036149,-0.000040312,1.000000000,-0.000011284,0.000000461,-0.000038846
1790682663.520735979,-0.000005835,-0.000004940,-0.000002758,1.000000000,-0.000026993,-0.000006411,-0.000021533
1790682663.554071903,-0.000000057,0.000011676,0.000013878,1.000000000,-0.000009786,-0.000000817,-0.000026867
1790682663.587407827,-0.000014373,0.000034937,0.000002239,1.000000000,0.000000237,0.000002695,-0.000043996
1790682663.620742321,-0.000029028,0.000037817,-0.000016667,1.000000000,0.000002352,0.000010076,-0.000038670
1790682663.654078007,-0.000041284,0.000068092,-0.000030284,1.000000000,0.000019918,0.000011420,-0.000051417
1790682663.687413692,-0.000008098,0.000014338,-0.000000466,1.000000000,-0.000011981,0.000000805,-0.000034183
1790682663.720748186,-0.000030810,0.000039311,-0.000030101,1.000000000,-0.000000061,0.000008330,-0.000040639
1790682663.754083633,-0.000050828,0.000057755,-0.000042674,1.000000000,0.000009571,0.000016742,-0.000043230
1790682663.787419319,-0.000012651,0.000028870,0.000008866,1.000000000,0.000001278,0.000003889,-0.000035354
1790682663.820754766,-0.000024945,0.000035444,-0.000019864,1.000000000,0.000004216,0.000006845,-0.000034148
1790682663.854089260,-0.000001139,0.000010922,0.000014926,1.000000000,-0.000008282,-0.000000845,-0.000019647
1790682663.887424946,-0.000064658,0.000086310,-0.000060684,1.000000000,0.000021719,0.000023506,-0.000046587
1790682663.920760393,-0.000016551,0.000034776,-0.000010327,1.000000000,0.000001103,0.000003293,-0.000037461
1790682663.954095602,-0.000101474,0.000085253,-0.000079307,1.000000000,0.000029733,0.000025457,-0.000079348
1790682663.987430096,-0.000011124,0.000023785,0.000013699,1.000000000,0.000001057,0.000003057,-0.000034601
1790682664.020765543,-0.000083251,0.000090276,-0.000052568,1.000000000,0.000035950,0.000023278,-0.000079820
1790682664.054100752,-0.000025372,0.000068368,-0.000023615,1.000000000,0.000017231,0.000002886,-0.000056206
1790682664.087435246,-0.000035317,0.000064158,-0.000015035,1.000000000,0.000017075,0.000009289,-0.000051196
1790682664.120770454,-0.000096058,0.000092849,-0.000083618,1.000000000,0.000026881,0.000026037,-0.000092964
1790682664.154105663,-0.000015455,0.000018348,0.000000789,1.000000000,-0.000002870,0.000006102,-0.000024489
1790682664.187441111,-0.000002347,0.000030839,0.000016051,1.000000000,0.000001449,0.000000192,-0.000043573
1790682664.220775127,-0.000066061,0.000098191,-0.000081814,1.000000000,0.000016657,0.000018254,-0.000069359
1790682664.254110336,-0.000049962,0.000085446,-0.000060385,1.000000000,0.000009015,0.000012749,-0.000064639
1790682664.287445545,0.000002269,0.000025998,0.000023426,1.000000000,0.000000475,-0.000004274,-0.000033904
1790682664.320779800,-0.000034672,0.000049627,-0.000016448,1.000000000,0.000018535,0.000015173,-0.000037261
1790682664.354114771,-0.000006787,0.000022739,0.000007884,1.000000000,0.000000256,-0.000001267,-0.000029910
1790682664.387449980,-0.000057378,0.000091336,-0.000063201,1.000000000,0.000015207,0.000018053,-0.000064836
1790682664.420784950,-0.000020292,0.000026706,-0.000022522,1.000000000,-0.000010570,0.000000345,-0.000033613
1790682664.454115152,-0.000047247,0.000076537,-0.000042646,1.000000000,0.000012206,0.000013256,-0.000064749
1790682664.487446547,-0.000039271,0.000064585,-0.000014819,1.000000000,0.000024518,0.000015792,-0.000046075
1790682664.520777702,-0.000024767,0.000027505,-0.000003779,1.000000000,0.000008780,0.000010316,-0.000033970
1790682664.554108620,-0.000014440,0.000036867,-0.000000985,1.000000000,0.000004949,0.000003990,-0.000035828
1790682664.587438822,-0.000020609,0.000039824,-0.000011568,1.000000000,0.000002467,0.000006057,-0.000041638
1790682664.620769501,-0.000029295,0.000042412,-0.000015765,1.000000000,0.000005857,0.000011116,-0.000037708
1790682664.654100418,-0.000012509,0.000031420,-0.000004394,1.000000000,0.000001162,0.000000510,-0.000033706
1790682664.687429905,-0.000011657,0.000018148,0.000006842,1.000000000,-0.000008928,0.000004503,-0.000031102
1790682664.720760584,-0.000002265,0.000023735,0.000018928,1.000000000,-0.000001207,-0.000001359,-0.000033303
1790682664.754091024,-0.000046441,0.000067156,-0.000038953,1.000000000,0.000021559,0.000009790,-0.000051460
1790682664.787421465,0.000004963,0.000025076,0.000019501,1.000000000,-0.000003369,-0.000005323,-0.000032760
1790682664.820750713,-0.000025520,0.000038607,-0.000015226,1.000000000,0.000004263,0.000006540,-0.000034871
1790682664.854081154,-0.000035314,0.000040743,-0.000006510,1.000000000,0.000000207,0.000010420,-0.000038534
1790682664.887411118,-0.000088620,0.000078795,-0.000047215,1.000000000,0.000036955,0.000033322,-0.000051915
1790682664.920741320,-0.000009438,0.000014977,0.000007750,1.000000000,-0.000008065,0.000001328,-0.000031815
1790682664.954070330,-0.000002591,0.000019805,0.000017593,1.000000000,-0.000004922,-0.000001119,-0.000024167
1790682664.987400055,-0.000047798,0.000050323,-0.000028235,1.000000000,0.000008762,0.000017017,-0.000046301
1790682665.020730019,-0.000021296,0.000039654,-0.000010477,1.000000000,0.000000639,0.000002603,-0.000034911
1790682665.054058552,-0.000045243,0.000061241,-0.000041024,1.000000000,0.000012028,0.000013283,-0.000041573
1790682665.087388277,-0.000025610,0.000042525,-0.000027846,1.000000000,-0.000001990,0.000001725,-0.000048934
1790682665.120717764,0.000001360,0.000016870,0.000011805,1.000000000,-0.000006671,-0.000003649,-0.000030306
1790682665.154047012,-0.000026614,0.000034860,-0.000014485,1.000000000,0.000002552,0.000006925,-0.000042863
1790682665.187375546,-0.000037635,0.000051410,-0.000021978,1.000000000,0.000006708,0.000014305,-0.000041851
1790682665.220704794,-0.000006197,0.000030559,0.000006702,1.000000000,-0.000003700,-0.000001707,-0.000039982
1790682665.254034042,-0.000028899,0.000053782,-0.000018229,1.000000000,0.000010298,0.000011385,-0.000034887
1790682665.287363052,-0.000009758,0.000030946,0.000002333,1.000000000,0.000006650,0.000003184,-0.000028729
1790682665.320691109,-0.000026421,0.000041826,-0.000035621,1.000000000,-0.000008599,-0.000006094,-0.000058127
1790682665.354020119,-0.000023139,0.000039820,-0.000013734,1.000000000,0.000002711,0.000007623,-0.000036400
1790682665.387348890,-0.000000023,0.000010410,0.000023242,1.000000000,-0.000007106,-0.000000514,-0.000026061
1790682665.420676470,-0.000048581,0.000049290,-0.000016728,1.000000000,0.000004941,0.000012536,-0.000052227
1790682665.454017162,-0.000039950,0.000032805,-0.000025079,1.000000000,-0.000004442,0.000014616,-0.000045883
1790682665.487357616,-0.000014388,0.000026274,-0.000000254,1.000000000,0.000000833,0.000001681,-0.000038426
1790682665.520698309,-0.000009238,0.000029769,0.000003846,1.000000000,0.000001390,0.000000231,-0.000033599
1790682665.554037809,-0.000055259,0.000082166,-0.000052079,1.000000000,0.000019057,0.000012780,-0.000064127
1790682665.587378740,-0.000035643,0.000047913,-0.000026277,1.000000000,0.000012892,0.000009652,-0.000040768
1790682665.620719433,-0.000034502,0.000028504,-0.000018544,1.000000000,0.000002747,0.000017255,-0.000020504
1790682665.654059410,0.000002916,0.000018563,0.000020499,1.000000000,-0.000003843,-0.000006297,-0.000030896
1790682665.687400341,-0.000018873,0.000037424,-0.000009797,1.000000000,0.000009702,0.000007726,-0.000034026
1790682665.720741510,-0.000018626,0.000027242,-0.000002334,1.000000000,-0.000002059,0.000004564,-0.000044505
1790682665.754082441,-0.000042547,0.000045350,-0.000024443,1.000000000,0.000006652,0.000014397,-0.000038471
1790682665.787422895,-0.000049658,0.000062337,-0.000031480,1.000000000,0.000010728,0.000020508,-0.000055390
1790682665.820763826,-0.000022782,0.000033321,-0.000008554,1.000000000,0.000002144,0.000009132,-0.000039718
1790682665.854105234,-0.000033621,0.000036906,-0.000044301,1.000000000,-0.000005886,0.000004707,-0.000044090
1790682665.887446880,-0.000000107,0.000017186,0.000004307,1.000000000,-0.000004986,-0.000004503,-0.000024198
1790682665.920787096,-0.000025713,0.000044133,-0.000007332,1.000000000,0.000004242,0.000005887,-0.000039724
1790682665.954128742,-0.000045599,0.000053317,-0.000027274,1.000000000,0.000012297,0.000016642,-0.000030249
1790682665.987470150,-0.000022610,0.000065098,-0.000016382,1.000000000,0.000016777,0.000006766,-0.000055752
1790682666.020811081,-0.000021693,0.000039009,-0.000000855,1.000000000,0.000000062,0.000008883,-0.000036558
1790682666.054152727,-0.000038150,0.000040923,-0.000024801,1.000000000,0.000004338,0.000016632,-0.000023886
1790682666.087494612,-0.000028509,0.000048555,-0.000020518,1.000000000,0.000012374,0.000009743,-0.000034557
1790682666.120836496,-0.000024691,0.000057384,-0.000019863,1.000000000,0.000017136,0.000008105,-0.000037661
1790682666.154177427,-0.000055265,0.000082410,-0.000032806,1.000000000,0.000015344,0.000017105,-0.000073193
1790682666.187519550,-0.000020027,0.000024918,0.000002793,1.000000000,-0.000012242,0.000006427,-0.000039540
1790682666.220861673,-0.000048735,0.000037157,-0.000031286,1.000000000,0.000010200,0.000019996,-0.000033730
1790682666.254203558,-0.000031647,0.000055935,-0.000022629,1.000000000,0.000021909,0.000008318,-0.000042929
1790682666.287544966,-0.000038032,0.000052198,-0.000030308,1.000000000,0.000002192,0.000014478,-0.000053417
1790682666.320887089,-0.000040814,0.000072343,-0.000025168,1.000000000,0.000012532,0.000017158,-0.000046230
1790682666.354229450,-0.000003595,0.000021138,0.000002053,1.000000000,-0.000003892,-0.000000277,-0.000035200
1790682666.387571096,0.000002762,0.000043235,0.000016658,1.000000000,0.000013792,-0.000004804,-0.000043678
1790682666.420913458,-0.000008166,0.000016070,0.000021009,1.000000000,0.000001600,0.000009817,-0.000023752
1790682666.454245329,-0.000047050,0.000049958,-0.000021593,1.000000000,0.000015186,0.000020689,-0.000042127
1790682666.487577438,-0.000028380,0.000037135,-0.000011288,1.000000000,-0.000000935,0.000013301,-0.000037380
1790682666.520907879,0.000002975,0.000023796,0.000020979,1.000000000,0.000002317,-0.000003447,-0.000024903
1790682666.554239750,-0.000027050,0.000054531,-0.000030550,1.000000000,0.000011728,0.000004569,-0.000049549
1790682666.587571621,-0.000030162,0.000058779,-0.000021798,1.000000000,0.000016706,0.000011962,-0.000034508
1790682666.620903015,-0.000028854,0.000057723,-0.000012529,1.000000000,0.000012510,0.000010039,-0.000044836
1790682666.654233694,-0.000016412,0.000018839,-0.000004970,1.000000000,-0.000005969,0.000003810,-0.000029493
1790682666.687565088,-0.000031611,0.000044496,-0.000017264,1.000000000,0.000004488,0.000011571,-0.000042969
1790682666.720896721,-0.000009956,0.000034151,0.000004114,1.000000000,0.000001910,-0.000003175,-0.000043444
1790682666.754227400,-0.000022180,0.000035686,-0.000010588,1.000000000,-0.000006393,0.000003920,-0.000035274
1790682666.787558556,-0.000124669,0.000110353,-0.000121610,1.000000000,0.000034644,0.000043630,-0.000084768
1790682666.820889950,-0.000039749,0.000053126,-0.000031163,1.000000000,0.000009105,0.000014178,-0.000038324
1790682666.854221106,-0.000022198,0.000048887,-0.000008521,1.000000000,0.000010108,0.000008873,-0.000035382
1790682666.887551546,-0.000003812,0.000009498,0.000008929,1.000000000,-0.000010293,-0.000001344,-0.000022016
1790682666.920882463,-0.000017055,0.000033383,-0.000004310,1.000000000,0.000004291,0.000006493,-0.000031076
1790682666.954213858,-0.000034887,0.000047539,-0.000022782,1.000000000,0.000018512,0.000010546,-0.000040138
1790682666.987544060,0.000004059,0.000016777,0.000012985,1.000000000,-0.000009113,-0.000011339,-0.000031301
1790682667.020874739,-0.000001996,0.000012456,0.000010328,1.000000000,-0.000014668,-0.000004221,-0.000030553
1790682667.054205894,0.000002977,0.000012223,0.000023379,1.000000000,-0.000004562,-0.000003935,-0.000022570
1790682667.087536812,0.000004055,0.000016051,0.000014120,1.000000000,-0.000003467,-0.000003585,-0.000024479
1790682667.120866776,-0.000012830,0.000018961,-0.000008590,1.000000000,-0.000004686,0.000001057,-0.000024400
1790682667.154197454,-0.000018418,0.000029909,-0.000000510,1.000000000,-0.000000777,0.000005331,-0.000038407
1790682667.187528372,-0.000069996,0.000075574,-0.000061327,1.000000000,0.000013564,0.000032059,-0.000034549
1790682667.220858812,0.000003815,0.000025901,0.000029087,1.000000000,0.000004920,-0.000003401,-0.000022743
1790682667.254188776,-0.000015983,0.000011051,-0.000011828,1.000000000,-0.000009935,0.000003081,-0.000018084
1790682667.287519217,-0.000013150,0.000032401,-0.000003014,1.000000000,0.000003246,0.000005018,-0.000030529
1790682667.320849895,-0.000026828,0.000050548,-0.000033489,1.000000000,0.000001034,-0.000001131,-0.000048146
1790682667.354179382,-0.000010633,0.000011705,-0.000003182,1.000000000,-0.000008977,0.000000768,-0.000020348
1790682667.387509823,-0.000047104,0.000053893,-0.000024258,1.000000000,0.000015131,0.000013169,-0.000058394
1790682667.420840263,-0.000106149,0.000102783,-0.000110687,1.000000000,0.000012669,0.000031813,-0.000094764
1790682667.454175949,-0.000044681,0.000054836,-0.000042811,1.000000000,0.000005137,0.000015092,-0.000048046
1790682667.487510443,-0.000004000,0.000025567,0.000007490,1.000000000,0.000007555,-0.000000666,-0.000027984
1790682667.520846128,-0.000030442,0.000039867,-0.000008257,1.000000000,0.000011296,0.000013576,-0.000028294
1790682667.554181814,-0.000000693,0.000034761,-0.000018963,1.000000000,-0.000000796,-0.000013128,-0.000040543
1790682667.587517262,-0.000037467,0.000047496,-0.000034361,1.000000000,0.000003771,0.000013159,-0.000040669
1790682667.620851994,-0.000016335,0.000052942,-0.000015132,1.000000000,0.000012229,0.000004212,-0.000042305
1790682667.654187441,-0.000051547,0.000067422,-0.000026050,1.000000000,0.000027685,0.000018430,-0.000050727
1790682667.687523127,-0.000041327,0.000047215,-0.000016744,1.000000000,0.000018102,0.000019389,-0.000042099
1790682667.720857620,-0.000004772,0.000014930,0.000013658,1.000000000,-0.000001301,0.000002080,-0.000019164
1790682667.754193306,-0.000019618,0.000038116,-0.000004777,1.000000000,0.000005629,0.000006316,-0.000035332
1790682667.787528992,-0.000004571,0.000024057,0.000009507,1.000000000,0.000000124,0.000001038,-0.000031501
1790682667.820864439,-0.000005294,0.000012655,0.000013536,1.000000000,-0.000002148,0.000002195,-0.000017218
1790682667.854199171,-0.000030455,0.000051633,-0.000021223,1.000000000,0.000014087,0.000011440,-0.000037852
1790682667.887534618,-0.000023320,0.000030927,0.000003610,1.000000000,-0.000012647,0.000005829,-0.000036446
1790682667.920870066,0.000000226,0.000016202,0.000016888,1.000000000,-0.000004663,0.000001532,-0.000022283
1790682667.954205751,0.000004327,-0.000000971,0.000007848,1.000000000,-0.000021940,-0.000007926,-0.000013653
1790682667.987540245,-0.000024865,0.000045357,-0.000008276,1.000000000,0.000014886,0.000014243,-0.000017920
1790682668.020875931,0.000011095,-0.000009148,0.000018638,1.000000000,-0.000021753,-0.000005759,0.000001186
1790682668.054211378,-0.000007136,0.000012574,0.000009625,1.000000000,-0.000004440,0.000002228,-0.000025031
1790682668.087545872,-0.000008934,0.000017097,0.000009417,1.000000000,-0.000005625,0.000002690,-0.000031847
1790682668.120881557,-0.000024233,0.000033924,-0.000020941,1.000000000,-0.000006421,0.000001210,-0.000034941
1790682668.154217005,-0.000000343,0.000019787,0.000011439,1.000000000,-0.000005252,-0.000003433,-0.000022634
1790682668.187552691,0.000024060,-0.000012695,0.000039478,1.000000000,-0.000036273,-0.000014322,-0.000009037
1790682668.220887184,0.000019750,-0.000032977,0.000049637,1.000000000,-0.000047900,-0.000005546,0.000010775
1790682668.254222631,0.000023256,-0.000035683,0.000023709,1.000000000,-0.000044413,-0.000013752,0.000022342
1790682668.287558079,0.000020834,-0.000006280,0.000029007,1.000000000,-0.000020219,-0.000010937,0.000004675
1790682668.320892811,0.000040358,-0.000048908,0.000041545,1.000000000,-0.000074734,-0.000018634,0.000044955
1790682668.354228258,0.000005816,0.000004038,0.000023776,1.000000000,-0.000038748,-0.000005277,0.000000413
1790682668.387563705,0.000007757,-0.000006507,0.000018073,1.000000000,-0.000022162,-0.000007716,-0.000005482
1790682668.420899153,-0.000004601,0.000034642,-0.000005585,1.000000000,0.000021889,-0.000001385,-0.000020810
1790682668.454235792,-0.000007086,0.000027179,0.000000164,1.000000000,0.000005822,0.000000232,-0.000023405
1790682668.487573385,-0.000014969,0.000018989,-0.000000588,1.000000000,-0.000007477,0.000004503,-0.000032626
1790682668.520911217,0.000002006,0.000030434,0.000003758,1.000000000,0.000006225,-0.000013122,-0.000041605
1790682668.554248810,-0.000031904,0.000072760,-0.000053736,1.000000000,0.000061126,0.000001860,-0.000049979
1790682668.587585688,-0.000033245,0.000066094,-0.000040802,1.000000000,0.000020647,0.000008741,-0.000028888
1790682668.620923281,0.000018893,0.000012313,0.000058562,1.000000000,-0.000017712,-0.000024771,-0.000010034
1790682668.654260874,-0.000009551,0.000053663,0.000022874,1.000000000,0.000045527,-0.000018838,-0.000072127
1790682668.687597752,0.000018527,-0.000023520,-0.000413366,0.999998748,0.001562196,-0.000145201,-0.000447121
1790682668.720935583,-0.000054521,0.000077040,-0.000088817,1.000000000,0.000115274,0.000016925,-0.000053083
1790682668.754273176,0.000144695,-0.000187318,0.000103157,1.000000000,-0.000168571,-0.000078068,0.000157035
1790682668.787611008,0.000404931,-0.000811342,0.000347905,0.999999583,-0.000739915,-0.000178948,0.000602913
1790682668.820947647,-0.000706715,-0.001917380,0.000875023,0.999993086,-0.003570341,0.000869094,0.000564358
1790682668.854285717,-0.003716560,-0.002964184,0.000372371,0.999910474,-0.013365779,-0.000015735,-0.000682024
1790682668.887623549,-0.006482062,-0.004206533,-0.000751673,0.999629974,-0.027166557,-0.000451444,-0.001354846
1790682668.920961142,-0.011067204,-0.007020148,-0.003744088,0.999123037,-0.041842807,0.000161019,-0.001562288
1790682668.954298019,-0.013152160,-0.009419079,-0.009992918,0.998757064,-0.049693111,-0.002687345,-0.002788115
1790682668.987636089,-0.019109057,-0.013519051,-0.020579906,0.998668671,-0.050846964,-0.004355571,-0.007516673
1790682669.020973921,-0.023450959,-0.017706022,-0.031415168,0.998734951,-0.048471630,-0.008010908,-0.010714582
1790682669.054310799,-0.029428799,-0.023925606,-0.045629986,0.998834431,-0.045220688,-0.013480333,-0.010162728
1790682669.087648630,-0.034550719,-0.030115798,-0.056667071,0.998871565,-0.043812670,-0.015575087,-0.009667566
1790682669.120986462,-0.040367972,-0.037826721,-0.066908948,0.998737931,-0.046544459,-0.016163466,-0.009744132
1790682669.154324532,-0.044171926,-0.041212428,-0.073063262,0.998409450,-0.051550940,-0.019085821,-0.012525636
1790682669.187661409,-0.048408221,-0.043387860,-0.076542377,0.997831762,-0.058828522,-0.024318086,-0.016725764
1790682669.220999479,-0.056979928,-0.048647862,-0.078109354,0.996950150,-0.069481708,-0.029343223,-0.020044897
1790682669.254337311,-0.062112667,-0.047651097,-0.074809447,0.995671272,-0.081569768,-0.038408659,-0.022582754
1790682669.287675381,-0.070786811,-0.049279772,-0.069075711,0.993952811,-0.098389067,-0.041555282,-0.025509309
1790682669.321012497,-0.079782963,-0.048029985,-0.063421465,0.992174566,-0.113763869,-0.042674612,-0.028745262
1790682669.354350328,-0.091242000,-0.048892006,-0.054336425,0.989705741,-0.132028908,-0.045902826,-0.030722266
1790682669.387688398,-0.101902530,-0.048744723,-0.046395030,0.987319887,-0.147431627,-0.048181325,-0.033793431
1790682669.421025276,-0.109182797,-0.046596441,-0.035858762,0.985496938,-0.158107832,-0.050266504,-0.035651784
1790682669.454358816,-0.122058950,-0.047620021,-0.028249165,0.983909667,-0.166417792,-0.054137241,-0.036002520
1790682669.487692356,-0.116068713,-0.044568680,-0.017474702,0.982600093,-0.170730755,-0.064967372,-0.033575494
1790682669.521025658,-0.118319482,-0.059021235,-0.011503137,0.980896592,-0.177365437,-0.074933499,-0.027717017
1790682669.554358006,-0.133960739,-0.055287085,-0.006839650,0.979197383,-0.185627952,-0.077014007,-0.027994715
1790682669.587691307,-0.145799220,-0.050660938,-0.000798426,0.977522671,-0.194121450,-0.076134145,-0.031145748
1790682669.621024609,-0.159191370,-0.048007507,0.004977027,0.976335883,-0.200519562,-0.073492482,-0.034044228
1790682669.654356956,-0.169218659,-0.045104578,0.008541241,0.975821376,-0.202661797,-0.073632866,-0.035765000
1790682669.687690258,-0.179795220,-0.044096000,0.010548444,0.975618482,-0.202450007,-0.076210402,-0.037075691
1790682669.721023321,-0.188096762,-0.045024585,0.011590417,0.975890696,-0.200285852,-0.078107990,-0.037710361
1790682669.754356623,-0.195584074,-0.046757672,0.011261726,0.976614594,-0.196665347,-0.078234360,-0.037764110
1790682669.787688732,-0.202993423,-0.049843997,0.009115130,0.977312148,-0.192921922,-0.078764044,-0.037926052
1790682669.821022034,-0.209456965,-0.052976266,0.007296989,0.977642238,-0.190835074,-0.079232357,-0.038985949
1790682669.854355335,-0.220506921,-0.055625442,0.006099599,0.977790236,-0.190138608,-0.077729382,-0.041614313
1790682669.887688160,-0.226639107,-0.057711065,0.003802195,0.977843404,-0.190695614,-0.074768260,-0.043211572
1790682669.921020269,-0.231254324,-0.057502996,0.001886852,0.977906883,-0.191178218,-0.071783580,-0.044678647
1790682669.954353571,-0.235238850,-0.058913354,0.000194990,0.977587044,-0.193651274,-0.069875687,-0.044049244
1790682669.987686634,-0.239055231,-0.059289608,-0.004970894,0.978710175,-0.188909441,-0.069142006,-0.040730909
1790682670.021018505,-0.241160110,-0.061716873,-0.011736152,0.979681551,-0.185174063,-0.066986799,-0.038045403
1790682670.054351568,-0.243725106,-0.065422863,-0.019392475,0.980026305,-0.184653893,-0.063822441,-0.037124660
1790682670.087684631,-0.246828035,-0.066602066,-0.025915949,0.980497122,-0.183481440,-0.060505100,-0.036042437
1790682670.121017218,-0.248190090,-0.070415221,-0.031980418,0.980901062,-0.182280213,-0.058582366,-0.034280650
1790682670.154349327,-0.248734787,-0.075664200,-0.038474135,0.981424153,-0.180351421,-0.056512769,-0.032958783
1790682670.187682390,-0.249911770,-0.083324417,-0.045875128,0.982256830,-0.176755667,-0.054140996,-0.031587981
1790682670.221015215,-0.247919217,-0.093054667,-0.053477053,0.983526230,-0.170091137,-0.054123648,-0.028562572
1790682670.254348040,-0.246778563,-0.103612982,-0.061721135,0.985154867,-0.161376238,-0.052629828,-0.025647799
1790682670.287679911,-0.240763903,-0.120950595,-0.067901015,0.986006916,-0.156888962,-0.051819172,-0.022160837
1790682670.321012735,-0.234723717,-0.130546778,-0.075099967,0.987329364,-0.149537131,-0.049109180,-0.020195043
1790682670.354345560,-0.229268998,-0.142992243,-0.081245504,0.988359094,-0.144305050,-0.044913657,-0.017468890
1790682670.387677193,-0.220836699,-0.159677893,-0.086689182,0.989449203,-0.137286171,-0.044533525,-0.012635536
1790682670.421010017,-0.211143568,-0.171442464,-0.092946209,0.991082728,-0.125822440,-0.043294970,-0.007028767
1790682670.454344034,-0.202448905,-0.185074195,-0.098995537,0.992435753,-0.117425725,-0.035800323,-0.000936190
1790682670.487678051,-0.189082101,-0.191802502,-0.103131078,0.993462086,-0.110657647,-0.027428577,0.005976880
1790682670.521010876,-0.177740216,-0.199508041,-0.102739245,0.993793368,-0.108933859,-0.017644191,0.014033303
1790682670.554344654,-0.164614633,-0.210927919,-0.101064622,0.993761241,-0.109438971,-0.006745912,0.020402092
1790682670.587678671,-0.144820929,-0.225443736,-0.098703764,0.993550062,-0.110571720,0.000748079,0.025133740
1790682670.621012688,-0.133588701,-0.236336619,-0.095407456,0.993444324,-0.110386416,0.006263414,0.029052103
1790682670.654345751,-0.124256469,-0.246337876,-0.089255527,0.993490279,-0.108660631,0.012208116,0.031951878
1790682670.687679529,-0.114810094,-0.253685594,-0.081742100,0.993643045,-0.106113628,0.015263396,0.034358632
1790682670.721013546,-0.108706258,-0.258864492,-0.072636418,0.993782461,-0.103642657,0.016548453,0.037160847
1790682670.754346371,-0.100974455,-0.264528453,-0.060856041,0.993693054,-0.103090033,0.018996973,0.039821271
1790682670.787680149,-0.093276158,-0.270882100,-0.046780866,0.993306518,-0.104979895,0.024574803,0.041443106
1790682670.821014166,-0.087850019,-0.274864405,-0.033159632,0.993062198,-0.106130578,0.027652605,0.042416781
1790682670.854348183,-0.080053829,-0.278451443,-0.016015509,0.992659330,-0.108743571,0.027278120,0.045367192
1790682670.887681007,-0.074327290,-0.281478941,0.000772371,0.991815031,-0.113529421,0.033047870,0.048186637
1790682670.921014547,-0.064889103,-0.286711991,0.018860914,0.991058171,-0.117808588,0.039688647,0.048473660
1790682670.954348564,-0.058332175,-0.290034682,0.035321001,0.990709245,-0.120647475,0.039106693,0.049093455
1790682670.987681389,-0.052916501,-0.292717636,0.052008480,0.990279198,-0.122679368,0.041447841,0.050784271
1790682671.021015406,-0.045677006,-0.294175386,0.067223467,0.990305126,-0.121179819,0.045366704,0.050527506
1790682671.054349184,-0.042240120,-0.296118706,0.080888927,0.990655601,-0.117707662,0.046594661,0.050748620
1790682671.087683201,-0.035122067,-0.299110562,0.096346758,0.990920365,-0.115181409,0.043970976,0.053635333
1790682671.121015787,-0.029932253,-0.301206917,0.110088110,0.991015196,-0.113193266,0.043614682,0.056338869
1790682671.154349566,-0.023567382,-0.301911056,0.124943450,0.991108298,-0.110946216,0.044242118,0.058633938
1790682671.187683582,-0.018823054,-0.301964611,0.139189512,0.991019189,-0.110726699,0.044373576,0.060427669
1790682671.221017361,-0.012123012,-0.303709030,0.155342877,0.990640223,-0.113779232,0.044454753,0.060909752
1790682671.254350185,-0.008162780,-0.305648893,0.170028791,0.989983141,-0.118279211,0.046400003,0.061566912
1790682671.287683725,-0.005801613,-0.305886477,0.185356364,0.989390731,-0.122258618,0.050610062,0.059978493
1790682671.321017504,-0.004921752,-0.303951442,0.198086470,0.988825381,-0.125704691,0.055424128,0.057886396
1790682671.354350567,-0.009988569,-0.287074298,0.187904403,0.988524377,-0.128936782,0.052758757,0.058407441
1790682671.387684345,-0.007946605,-0.287723303,0.200359523,0.988027692,-0.132900640,0.052455492,0.058199473
1790682671.421018124,-0.005427018,-0.287727237,0.211409003,0.987924278,-0.133673832,0.051819026,0.058751512
1790682671.454351664,-0.003418515,-0.287556320,0.221669063,0.987917840,-0.133910313,0.048549015,0.061069161
1790682671.487684011,-0.001559154,-0.286974341,0.231157303,0.987712920,-0.135243550,0.045899983,0.063447431
1790682671.521017551,-0.000119564,-0.285910517,0.239110157,0.987354517,-0.136869505,0.047082014,0.064661898
1790682671.554351091,0.002059979,-0.284872800,0.247071207,0.986902297,-0.139079869,0.047654953,0.066405050
1790682671.587684631,0.003204534,-0.283578724,0.253733784,0.986659288,-0.139874160,0.046687335,0.068986163
1790682671.621016979,0.005212922,-0.281504452,0.260591716,0.986553192,-0.140508056,0.044032644,0.070932649
1790682671.654350519,0.004967242,-0.278939277,0.265519112,0.986198008,-0.142526984,0.044312645,0.071665905
1790682671.687684059,0.004640641,-0.276253581,0.270807296,0.985701501,-0.145775944,0.045877863,0.070973404
1790682671.721016407,0.005027387,-0.273812205,0.275905341,0.985305429,-0.148307219,0.046293631,0.070958219
1790682671.754349947,0.004777855,-0.271321177,0.280560881,0.985019743,-0.150248975,0.046351373,0.070801765
1790682671.787683249,0.003878608,-0.269633919,0.283143193,0.985083580,-0.150434598,0.045271456,0.070216537
1790682671.821016550,0.001722824,-0.270079821,0.282224387,0.985455155,-0.147953942,0.045941573,0.069837384
1790682671.854349136,0.000027842,-0.273096800,0.279339552,0.986145079,-0.143717051,0.044774197,0.069703110
1790682671.887682438,-0.004181431,-0.277375072,0.273526698,0.986947536,-0.138753057,0.046408359,0.067293435
1790682671.921015978,-0.009908102,-0.281895995,0.266394168,0.987551570,-0.135244042,0.048711296,0.063860551
1790682671.954349041,-0.014092348,-0.286449015,0.258310884,0.987860382,-0.134227648,0.047790252,0.061894696
1790682671.987681627,-0.018941449,-0.290249377,0.252212524,0.988080084,-0.134771481,0.044024460,0.059968200
1790682672.021014929,-0.024577964,-0.293373525,0.247488618,0.988308847,-0.135906726,0.040302880,0.056131352
1790682672.054348230,-0.030927602,-0.296716243,0.240612611,0.988466024,-0.137436941,0.034993127,0.053117782
1790682672.087680340,-0.038079053,-0.300237060,0.234122589,0.988810062,-0.137622431,0.026907900,0.050900128
1790682672.121013641,-0.044160973,-0.302577257,0.224239498,0.989270926,-0.136071905,0.021146750,0.048789922
1790682672.154346943,-0.050602119,-0.305160642,0.213744402,0.989615917,-0.135178745,0.016512416,0.045983307
1790682672.187680244,-0.057093196,-0.307670414,0.203840539,0.989800692,-0.135121420,0.013661289,0.043015324
1790682672.221012354,-0.064300023,-0.311568290,0.194810823,0.989736080,-0.136165202,0.011571256,0.041804839
1790682672.254345655,-0.072404809,-0.314883351,0.184239849,0.989901960,-0.135588169,0.008184824,0.040534068
1790682672.287678957,-0.081130803,-0.318695515,0.173364207,0.990115345,-0.134209380,0.003245081,0.040608473
1790682672.321011305,-0.090360858,-0.322615206,0.161436960,0.990336716,-0.132648259,0.003074295,0.040351495
1790682672.354344130,-0.098857701,-0.323365986,0.146680310,0.990786612,-0.129881263,0.001132581,0.038359702
1790682672.387677431,-0.109879963,-0.325337172,0.132718116,0.991011739,-0.128862843,-0.000596167,0.035914183
1790682672.421010733,-0.118041508,-0.325610489,0.119822077,0.991190195,-0.127916843,-0.001346580,0.034316085
1790682672.454344749,-0.129830882,-0.325308114,0.106193274,0.991430759,-0.126773745,-0.002226698,0.031440742
1790682672.487684011,-0.139664650,-0.323336422,0.093305610,0.991646945,-0.125447556,-0.003997485,0.029720832
1790682672.521023512,-0.149453267,-0.321503431,0.081871539,0.991672039,-0.125256374,-0.004922730,0.029550454
1790682672.554362774,-0.160441011,-0.318032503,0.070399657,0.991757393,-0.125110775,-0.004932154,0.027209386
1790682672.587701082,-0.169327557,-0.314070255,0.058375545,0.991791844,-0.124992371,-0.007487257,0.025880594
1790682672.621040583,-0.176561728,-0.309396595,0.049949907,0.991764426,-0.125375181,-0.010309559,0.024043348
1790682672.654379845,-0.187827364,-0.304551542,0.041981280,0.991702616,-0.126473173,-0.010248984,0.020624908
1790682672.687718153,-0.197111517,-0.299273461,0.032440718,0.991549015,-0.127709299,-0.011804201,0.019536672
1790682672.721057892,-0.206013560,-0.293425739,0.024944481,0.991559327,-0.127718166,-0.013149872,0.018036647
1790682672.754397392,-0.211245462,-0.288084567,0.017567335,0.991724193,-0.126384839,-0.015496369,0.016426791
1790682672.787737131,-0.218584910,-0.282855690,0.011559379,0.991922319,-0.124508008,-0.017162247,0.017124865
1790682672.821075439,-0.222565785,-0.276401937,0.006107365,0.992053390,-0.123297378,-0.018858811,0.016502498
1790682672.854415178,-0.226283416,-0.270213783,0.003880900,0.991928279,-0.124491930,-0.016791243,0.017269867
1790682672.887754917,-0.231171831,-0.263974398,-0.000319533,0.991791725,-0.125886291,-0.013762687,0.017674694
1790682672.921094418,-0.236784980,-0.258865714,-0.001734181,0.991658449,-0.126959562,-0.013828644,0.017425129
1790682672.954433441,-0.244436786,-0.253593147,-0.002721234,0.991619706,-0.127277046,-0.014314895,0.016915828
1790682672.987772942,-0.249195784,-0.247598961,-0.000804979,0.991478860,-0.128229707,-0.016830981,0.015608482
1790682673.021112680,-0.256422222,-0.239168316,0.002506485,0.991341412,-0.129546925,-0.017377488,0.012561589
1790682673.054451704,-0.248834938,-0.238312319,0.000368833,0.990289748,-0.136197537,-0.025828572,0.010460504
1790682673.087791443,-0.251777381,-0.227513254,0.007151708,0.989359379,-0.141485423,-0.032391626,0.010040013
1790682673.121131420,-0.254743695,-0.217712477,0.013393313,0.988588333,-0.146572724,-0.033410512,0.009659022
1790682673.154471159,-0.258601099,-0.207045496,0.019557580,0.987741172,-0.152266875,-0.033043869,0.009503769
1790682673.187810421,-0.260807574,-0.197425544,0.027591698,0.986594141,-0.159399435,-0.033238415,0.010914102
1790682673.221150160,-0.262902647,-0.190241471,0.033851746,0.985477865,-0.165998548,-0.033705845,0.011913723
1790682673.254490137,-0.266453445,-0.177634731,0.041964371,0.984605849,-0.170509607,-0.036005791,0.013468941
1790682673.287830353,-0.269022316,-0.170167625,0.048867092,0.983407140,-0.176958472,-0.037783097,0.012987283
1790682673.321169376,-0.271432221,-0.162165940,0.055719722,0.982079446,-0.184054360,-0.038343292,0.013180621
1790682673.354509592,-0.274271578,-0.149628609,0.063511856,0.980978072,-0.189556882,-0.039350990,0.014205594
1790682673.387849569,-0.275849611,-0.142335579,0.070288613,0.979570746,-0.196246460,-0.041552987,0.014208626
1790682673.421188831,-0.277279228,-0.134336948,0.074536525,0.978658378,-0.200224161,-0.043746416,0.014979160
1790682673.454529047,-0.276356548,-0.126248628,0.081887707,0.977404833,-0.205168039,-0.047035426,0.019330485
1790682673.487861156,-0.278330803,-0.117134452,0.084556594,0.976698101,-0.208576024,-0.046961542,0.018749926
1790682673.521193266,-0.287970573,-0.109442391,0.095708989,0.975989223,-0.212887198,-0.043166995,0.016146911
1790682673.554524422,-0.287665278,-0.100629814,0.097830847,0.975396335,-0.215669602,-0.042607032,0.016533187
1790682673.587856531,-0.291783392,-0.101623528,0.103408337,0.973453164,-0.224558294,-0.040284421,0.018428449
1790682673.621188641,-0.291440427,-0.094590060,0.104873955,0.972620428,-0.228122458,-0.040278886,0.018632649
1790682673.654519796,-0.291907221,-0.087473206,0.106566690,0.971842945,-0.231421605,-0.040896811,0.017113404
1790682673.687851906,-0.291301727,-0.081637159,0.107892126,0.970928907,-0.234998107,-0.042116772,0.017293831
1790682673.721183777,-0.291543543,-0.076208949,0.108205393,0.970037043,-0.238818154,-0.041901447,0.015434508
1790682673.754515648,-0.291053712,-0.070276156,0.108167082,0.969189107,-0.242531598,-0.040561244,0.014340485
1790682673.787846565,-0.289975584,-0.066975497,0.108965315,0.968140423,-0.246751413,-0.039658368,0.015653882
1790682673.821178675,-0.288663030,-0.062401220,0.108765677,0.967745066,-0.247969016,-0.040953040,0.017424919
1790682673.854510546,-0.287732989,-0.059723157,0.108910710,0.967062056,-0.250277221,-0.042135801,0.019416278
1790682673.887842417,-0.287144333,-0.054770485,0.106937326,0.967176020,-0.249724895,-0.042899113,0.019173462
1790682673.921173334,-0.286799908,-0.051576190,0.105964273,0.967006445,-0.250314683,-0.043370053,0.018977577
1790682673.954505444,-0.285885870,-0.048982579,0.103985563,0.966834366,-0.251044452,-0.042853564,0.019277971
1790682673.987837076,-0.284701079,-0.048505876,0.103165880,0.966228068,-0.253480077,-0.041884255,0.019923594
1790682674.021167994,-0.283037603,-0.047196213,0.101754159,0.966216266,-0.253456801,-0.041666903,0.021206699
1790682674.054499865,-0.280876935,-0.046672851,0.100619070,0.966388702,-0.252514243,-0.041982587,0.023809139
1790682674.087831736,-0.279123724,-0.046235923,0.099365100,0.966624022,-0.251268566,-0.042780433,0.025925059
1790682674.121163607,-0.277832597,-0.046465926,0.099636301,0.966371298,-0.251997203,-0.043071836,0.027727002
1790682674.154494047,-0.277270973,-0.046129610,0.100823030,0.965939581,-0.253650129,-0.042196792,0.029014913
1790682674.187825918,-0.277170211,-0.044831373,0.102498919,0.965511203,-0.255344838,-0.041833799,0.028933680
1790682674.221157789,-0.276358634,-0.043597467,0.104954839,0.964628816,-0.258506358,-0.041922826,0.030135542
1790682674.254489422,-0.276038289,-0.041178416,0.107090980,0.963891685,-0.261250973,-0.041188065,0.031053899
1790682674.287820101,-0.275636524,-0.039656237,0.109085962,0.963140488,-0.263985962,-0.040724009,0.031833388
1790682674.321151972,-0.275788933,-0.039657921,0.110953026,0.962426662,-0.266577929,-0.040437672,0.032186657
1790682674.354483366,-0.275728792,-0.037505165,0.111653797,0.962407708,-0.266690344,-0.040657703,0.031536825
1790682674.387814283,-0.275268018,-0.035896495,0.116013408,0.960908473,-0.272196382,-0.039409120,0.031795722
1790682674.421145678,-0.274913192,-0.034483843,0.118271612,0.960163891,-0.274846137,-0.038926121,0.032089893
1790682674.454477310,-0.274953425,-0.033205137,0.120856397,0.959305823,-0.277963549,-0.037306510,0.032816928
1790682674.487810850,-0.275610864,-0.031959068,0.123957686,0.958160222,-0.282138944,-0.035111792,0.033073362
1790682674.521143198,-0.275791675,-0.030316498,0.127428845,0.956958950,-0.286377400,-0.032932904,0.033661764
1790682674.554476976,-0.276529312,-0.028931709,0.131359607,0.955478549,-0.291472405,-0.030479511,0.034286503
1790682674.587810516,-0.277325302,-0.027852740,0.136384472,0.953811765,-0.297072768,-0.028260864,0.034529407
1790682674.621144056,-0.279175311,-0.026352735,0.141631246,0.952188134,-0.302525133,-0.025264855,0.034321338
1790682674.654476404,-0.280780137,-0.024259454,0.147273168,0.950311661,-0.308661938,-0.022504341,0.033602361
1790682674.687809706,-0.282522261,-0.021846963,0.152963370,0.948264480,-0.315197438,-0.018467411,0.033228341
1790682674.721143246,-0.283527404,-0.019306581,0.157624856,0.946550965,-0.320486575,-0.014160771,0.033602092
1790682674.754475832,-0.286745220,-0.017497296,0.162680894,0.944916427,-0.325529605,-0.008200170,0.033109829
1790682674.787809134,-0.288517714,-0.015343945,0.166622311,0.943644643,-0.329194427,-0.004791669,0.033806544
1790682674.821142673,-0.290305257,-0.013864028,0.169538096,0.943277419,-0.330161005,-0.002241768,0.034876335
1790682674.854475737,-0.292102724,-0.012706177,0.171504229,0.943668962,-0.328965217,0.002412060,0.035567623
1790682674.887808323,-0.294217944,-0.011814035,0.173932210,0.943445802,-0.329047322,0.002956683,0.040362090
1790682674.921141624,-0.294006884,-0.010422125,0.176013172,0.943240166,-0.329022616,0.003402919,0.045061782
1790682674.954475164,-0.293236136,-0.007437408,0.178479522,0.942429423,-0.330780655,0.004244059,0.048919253
1790682674.987807274,-0.293055713,-0.004337165,0.182438552,0.940590620,-0.335791916,0.005762463,0.049998078
1790682675.021140575,-0.294220507,-0.002096832,0.187740192,0.938425243,-0.341820419,0.009198432,0.049318191
1790682675.054473877,-0.294112831,0.000817283,0.192408472,0.937024474,-0.345592648,0.010214980,0.049463581
1790682675.087807178,-0.294608653,0.002967498,0.197578087,0.935298026,-0.350220025,0.012094675,0.049166948
1790682675.121139288,-0.293598831,0.004578657,0.201317161,0.933887422,-0.353871047,0.013112643,0.049575284
1790682675.154472589,-0.293710083,-0.000104393,0.203203276,0.931367636,-0.360083461,0.017822582,0.050760809
1790682675.187805891,-0.291568607,0.000181667,0.205085516,0.930399120,-0.362085193,0.020394271,0.053252954
1790682675.221139193,-0.289444953,0.000500454,0.206501633,0.929829478,-0.363026619,0.022435831,0.055906445
1790682675.254471540,-0.286970764,0.000562239,0.207662389,0.929220378,-0.363958865,0.024583392,0.058984693
1790682675.287804604,-0.284347326,0.000667747,0.208690032,0.928747654,-0.364394754,0.027313391,0.062436756
1790682675.321137905,-0.281789958,0.000428955,0.209850252,0.928099811,-0.365250081,0.030239113,0.065641865
1790682675.354470015,-0.279119074,0.000295188,0.211180583,0.927250564,-0.366538644,0.033207878,0.068942875
1790682675.387803316,-0.276841551,0.000716081,0.212858394,0.926480174,-0.367441475,0.037670802,0.072126552
1790682675.421136141,-0.274123847,0.000794251,0.214361638,0.925499558,-0.368938863,0.040671851,0.075369149
1790682675.454469442,-0.272524655,0.001610136,0.216536492,0.924306273,-0.370939672,0.044989489,0.077702664
1790682675.487807989,-0.271176696,0.002600607,0.218623236,0.923103213,-0.372993290,0.049085539,0.079668403
1790682675.521147966,-0.270198613,0.002121596,0.224066004,0.920557737,-0.378212482,0.055749469,0.080130175
1790682675.554487705,-0.269341648,0.003572218,0.225609094,0.919746697,-0.379266858,0.060056530,0.081337735
1790682675.587827682,-0.268466771,0.003939881,0.227252573,0.918765545,-0.380850762,0.063416071,0.082467332
1790682675.621166229,-0.267589658,0.004059427,0.228218764,0.918154299,-0.381655306,0.065974787,0.083541512
1790682675.654506207,-0.267011136,0.004148830,0.228328496,0.918061614,-0.381342441,0.067971967,0.084383987
1790682675.687846184,-0.266790718,0.004076246,0.227871180,0.918278158,-0.380565137,0.068782933,0.084879301
1790682675.721184969,-0.266755611,0.003755751,0.227342099,0.918609083,-0.379766375,0.068445109,0.085147955
1790682675.754524946,-0.267452806,0.003015017,0.226586148,0.919024289,-0.379172653,0.066884883,0.084551685
1790682675.787864923,-0.269248217,0.001439703,0.225257218,0.919926941,-0.377631277,0.064908408,0.083163165
1790682675.821204901,-0.272434026,-0.001959964,0.223530188,0.921737015,-0.374190181,0.061641507,0.081136070
1790682675.854543924,-0.276520878,-0.006796893,0.220784262,0.924717128,-0.368161082,0.056496914,0.078510351
1790682675.887884140,-0.282424182,-0.014110986,0.219973981,0.927298069,-0.362995058,0.051255785,0.075668462
1790682675.921224117,-0.288692147,-0.020908369,0.220224991,0.929294229,-0.359255165,0.046315506,0.072131447
1790682675.954564095,-0.294891566,-0.026319809,0.221064195,0.930942237,-0.356410027,0.042129062,0.067407325
1790682675.987903357,-0.302024394,-0.032793365,0.224555507,0.930684924,-0.358096421,0.040880803,0.062620103
1790682676.021243334,-0.309033066,-0.037660766,0.227507532,0.930925310,-0.358514369,0.038878091,0.057742409
1790682676.054583788,-0.317468733,-0.042738147,0.232111380,0.931115508,-0.359151185,0.035838723,0.052438892
1790682676.087922812,-0.326055944,-0.048465800,0.235855699,0.931812406,-0.358203977,0.031163523,0.049442526
1790682676.121263266,-0.331958592,-0.052942071,0.238661826,0.932689667,-0.356504530,0.025731759,0.048295081
1790682676.154603243,-0.341136843,-0.056687634,0.243923008,0.932660937,-0.356980503,0.024660820,0.045829311
1790682676.187943697,-0.347935975,-0.059101410,0.246561468,0.933213830,-0.355843782,0.022134075,0.044691946
1790682676.221282959,-0.353864789,-0.061510760,0.250050187,0.933023155,-0.356536359,0.020339347,0.043999385
1790682676.254623175,-0.360021323,-0.062616475,0.252970666,0.933245838,-0.356179982,0.020038435,0.042266551
1790682676.287963629,-0.365956217,-0.064049780,0.255223483,0.933575869,-0.355506152,0.020942604,0.040161286
1790682676.321302891,-0.371412128,-0.064712390,0.256610453,0.934142709,-0.354214489,0.023534412,0.036818191
1790682676.354643583,-0.374741167,-0.066183724,0.255805582,0.934982836,-0.352094412,0.025082994,0.034750227
1790682676.387983799,-0.377140164,-0.068876058,0.254774719,0.935490191,-0.350613147,0.029244864,0.032761682
1790682676.421324492,-0.377710491,-0.072184481,0.252092600,0.936336279,-0.348000705,0.035368908,0.030313823
1790682676.454663754,-0.376237452,-0.078027934,0.246870026,0.937642634,-0.343905717,0.041110236,0.029413940
1790682676.487997055,-0.375301212,-0.084019579,0.240790367,0.940167665,-0.336870760,0.042679880,0.027953833
1790682676.521330118,-0.371694058,-0.090325706,0.230699003,0.944105089,-0.325871348,0.040056098,0.029480275
1790682676.554663181,-0.366161376,-0.097702466,0.221241474,0.947436452,-0.315356493,0.042729732,0.032995243
1790682676.587995052,-0.358263433,-0.104930803,0.211101085,0.949877381,-0.306508154,0.048745774,0.037546404
1790682676.621328115,-0.348903716,-0.113203183,0.201791257,0.950926840,-0.301140815,0.057012662,0.042448949
1790682676.654661179,-0.338187784,-0.121842280,0.191389367,0.951796472,-0.295635074,0.066336520,0.047778524
1790682676.687993050,-0.327458054,-0.127799064,0.178964123,0.953632593,-0.287311941,0.073342323,0.051552061
1790682676.721325874,-0.320058763,-0.143252879,0.169899791,0.953672290,-0.284030914,0.082853802,0.054506619
1790682676.754658937,-0.307264745,-0.155041903,0.156157047,0.954962492,-0.276864856,0.088750459,0.059294276
1790682676.787992001,-0.293356538,-0.163562849,0.142677695,0.957522869,-0.266173929,0.089039989,0.066131599
1790682676.821323633,-0.280849487,-0.171948254,0.127704352,0.959937155,-0.255458325,0.088977009,0.073108464
1790682676.854656696,-0.265870482,-0.185431570,0.116553411,0.960595608,-0.250360966,0.089270234,0.081279293
1790682676.887989521,-0.253329664,-0.184420243,0.094528638,0.962495863,-0.237697735,0.094059840,0.090853073
1790682676.921322346,-0.240619645,-0.185546800,0.077434003,0.962838352,-0.228182495,0.104286343,0.099997029
1790682676.954653978,-0.226921171,-0.195657253,0.069919720,0.960361242,-0.229161963,0.115891851,0.108444721
1790682676.987987041,-0.217451751,-0.195906594,0.052785482,0.958328903,-0.226481751,0.130918130,0.114769869
1790682677.021319866,-0.141264230,-0.204348072,0.042429473,0.956043065,-0.228879437,0.127421454,0.131756037
1790682677.054651499,-0.127238169,-0.209167123,0.032035466,0.953155100,-0.232056275,0.129587531,0.144403189
1790682677.087984085,-0.112154521,-0.206041113,0.015876146,0.950506151,-0.232639819,0.132714912,0.157491833
1790682677.121316910,-0.098672323,-0.202705264,0.005369106,0.947617710,-0.233560398,0.138803214,0.167940304
1790682677.154649734,-0.088174015,-0.189968497,-0.001163612,0.945604742,-0.230391279,0.144797429,0.178284332
1790682677.187981367,-0.084258728,-0.188827500,-0.012614580,0.941157818,-0.234229669,0.157570094,0.185823143
1790682677.221313953,-0.069712773,-0.182362422,-0.024646504,0.937515855,-0.237521082,0.164245233,0.194091037
1790682677.254646778,-0.048733972,-0.172684833,-0.033858616,0.933400631,-0.242064968,0.169038624,0.203945428
1790682677.287979364,-0.040913209,-0.159246191,-0.045313492,0.930506468,-0.243496388,0.176053166,0.209458068
1790682677.321310997,-0.033283308,-0.149065524,-0.050994575,0.928215146,-0.244067729,0.181197003,0.214511842
1790682677.354643583,-0.013827952,-0.134410352,-0.062723294,0.926899374,-0.241783321,0.179137439,0.224294767
1790682677.387976170,-0.005741843,-0.124517806,-0.068141289,0.925042570,-0.240153223,0.181891724,0.231383100
1790682677.421307564,0.003385613,-0.115101196,-0.075770147,0.923322260,-0.238796070,0.183410645,0.238354996
1790682677.454640388,0.010724609,-0.102636524,-0.082979992,0.921888828,-0.236603364,0.184663802,0.245028809
1790682677.487975597,0.026806032,-0.094119772,-0.088645495,0.917801142,-0.240445912,0.184194937,0.256708264
1790682677.521310806,0.037003022,-0.082926735,-0.095299520,0.913808823,-0.241242856,0.186174482,0.268504083
1790682677.554645061,0.046877187,-0.066271342,-0.103819400,0.910472095,-0.239610463,0.184951544,0.281816095
1790682677.587980270,0.053699929,-0.045277726,-0.114202671,0.907477617,-0.235020861,0.185151801,0.294904083
1790682677.621315479,0.068649329,-0.038483199,-0.119258307,0.902777612,-0.234310836,0.185301036,0.309442312
1790682677.654649734,0.078354456,-0.031059844,-0.128760800,0.898377180,-0.232865795,0.186717004,0.322224647
1790682677.687984943,0.084450178,-0.017935829,-0.134250432,0.894995093,-0.230530500,0.190844730,0.330783486
1790682677.721320152,0.099500611,-0.012933464,-0.140002817,0.889338136,-0.235878229,0.193935335,0.340335459
1790682677.754655361,0.103643157,-0.001235627,-0.140234232,0.883592188,-0.240969345,0.201410457,0.347321838
1790682677.787989616,0.107081406,0.014121563,-0.147717670,0.880223334,-0.240144312,0.203237355,0.355291873
1790682677.821324825,0.116785422,0.019451162,-0.150066972,0.875272095,-0.243188068,0.201374471,0.366342247
1790682677.854659796,0.127319872,0.026009174,-0.158019140,0.870230436,-0.243741795,0.197017580,0.380096167
1790682677.887995005,0.133136660,0.036100581,-0.165306330,0.867006421,-0.240803003,0.195378438,0.390052766
1790682677.921329021,0.110667855,0.076408423,-0.173055261,0.871768594,-0.222038001,0.200761795,0.387831688
1790682677.954664230,0.115937054,0.083606966,-0.179012418,0.873425424,-0.207878768,0.207309216,0.388506562
1790682677.987999439,0.121018894,0.088174857,-0.186715990,0.874136567,-0.194729924,0.214103907,0.390032113
1790682678.021333694,0.125055611,0.091361940,-0.192873195,0.875895023,-0.180428788,0.215157107,0.392378449
1790682678.054668903,0.127389997,0.094382457,-0.196981668,0.877046466,-0.168670923,0.212685555,0.396364123
1790682678.088004112,0.129003048,0.100281760,-0.200790331,0.878022254,-0.156103939,0.211000606,0.400233895
1790682678.121339321,0.132108331,0.102821052,-0.206107736,0.876622379,-0.147163585,0.209142134,0.407597393
1790682678.154673576,0.135956392,0.106028095,-0.211587131,0.874360204,-0.138748407,0.206266537,0.416769952
1790682678.188008785,0.139616445,0.112809189,-0.215722099,0.872389376,-0.129586205,0.201791093,0.425939530
1790682678.221343994,0.143480256,0.115449674,-0.219909087,0.868753493,-0.123645991,0.196949869,0.437252522
1790682678.254678965,0.146042526,0.124263987,-0.222223476,0.866922438,-0.115617633,0.189914614,0.446105987
1790682678.288013220,0.152191669,0.128468201,-0.226571336,0.863230884,-0.110984892,0.181009769,0.457985103
1790682678.321348429,0.153905496,0.135992691,-0.227729261,0.861504197,-0.103331596,0.174427584,0.465519279
1790682678.354683638,0.158240974,0.139780045,-0.229551062,0.858661532,-0.099082157,0.167692393,0.474091113
1790682678.388017893,0.161633492,0.142786503,-0.231837362,0.855799913,-0.095885068,0.165036157,0.480807394
1790682678.421353102,0.165510103,0.145494938,-0.235487610,0.852604210,-0.093815431,0.164436653,0.487057805
1790682678.454688072,0.166172013,0.149480641,-0.236573353,0.850702465,-0.091669552,0.165877163,0.490292668
1790682678.488021612,0.167643860,0.152151600,-0.238646045,0.848934472,-0.089353226,0.166950643,0.493410289
1790682678.521354437,0.167870075,0.150862917,-0.237912014,0.846786439,-0.087328799,0.169994205,0.496415555
1790682678.554688215,0.166707620,0.150613397,-0.237041175,0.845275402,-0.083855376,0.172822773,0.498608172
1790682678.588021994,0.170508012,0.148743555,-0.240156472,0.842234850,-0.084020324,0.172268242,0.503889680
1790682678.621355772,0.171329200,0.149610564,-0.241409227,0.840622663,-0.083266608,0.172637701,0.506573141
1790682678.654688120,0.172361299,0.150769427,-0.241659179,0.839745343,-0.083657704,0.171968311,0.508189023
1790682678.688021898,0.174311265,0.151355863,-0.239369884,0.838902295,-0.085820056,0.166235849,0.511119783
1790682678.721355677,0.175010681,0.153220654,-0.236134201,0.838873148,-0.083258115,0.153930768,0.515427232
1790682678.754688263,0.172785372,0.154920772,-0.232196644,0.839640737,-0.070524231,0.140565023,0.519876182
1790682678.788022041,0.171690106,0.155668274,-0.230974421,0.837516725,-0.056855161,0.132056087,0.527157009
1790682678.821355820,0.171480253,0.158107653,-0.231644928,0.833618104,-0.047181446,0.124146543,0.536136627
1790682678.854689121,0.169781938,0.165663734,-0.233282283,0.827468455,-0.041861326,0.122303858,0.546429753
1790682678.888021946,0.169828743,0.169715688,-0.235259369,0.821259975,-0.044971354,0.127141833,0.554386616
1790682678.921355486,0.170115456,0.172215953,-0.237916350,0.816247523,-0.046980672,0.134317309,0.559903204
1790682678.954689264,0.170658231,0.176516458,-0.242562965,0.811669409,-0.042238183,0.137208536,0.566200137
1790682678.988021612,0.171099067,0.178570524,-0.245405078,0.806864917,-0.035689749,0.137401640,0.573424935
1790682679.021355391,0.171764657,0.183042616,-0.247714207,0.803985476,-0.027840452,0.134853020,0.578486860
1790682679.054688931,0.172928900,0.187155917,-0.249814183,0.801189363,-0.023925647,0.133401364,0.582861245
1790682679.088022470,0.174138680,0.192421407,-0.251743704,0.799106777,-0.022193452,0.132758766,0.585927546
1790682679.121355295,0.176015839,0.195845470,-0.253845930,0.796982229,-0.020795425,0.132326886,0.588962317
1790682679.154688835,0.177876487,0.196704000,-0.254723251,0.794753373,-0.020366458,0.132896319,0.591853857
1790682679.188022137,0.179939494,0.197297469,-0.254400879,0.792054355,-0.021362064,0.136067852,0.594709396
1790682679.221355677,0.180373609,0.199014306,-0.254400313,0.790388286,-0.021640116,0.139085203,0.596215844
1790682679.254688501,0.184494883,0.201416507,-0.255741060,0.789340258,-0.022321025,0.137100577,0.598036051
1790682679.288022041,0.185443848,0.203346610,-0.255066246,0.788903296,-0.021526251,0.137618750,0.598522663
1790682679.321355581,0.186710715,0.205201179,-0.254558414,0.789401114,-0.020394268,0.137591019,0.597912014
1790682679.354687929,0.189121619,0.208505347,-0.255700707,0.789982557,-0.020055393,0.136410937,0.597425759
1790682679.388021469,0.191574484,0.208182886,-0.253710628,0.787063718,-0.025805911,0.139708161,0.600288570
1790682679.421355009,0.193546608,0.210674778,-0.252723813,0.786397517,-0.029627770,0.140601158,0.600776553
1790682679.454688549,0.195234984,0.211415961,-0.252055973,0.787766993,-0.030438339,0.141614467,0.598700285
1790682679.488021135,0.195469335,0.214568377,-0.252641261,0.791439772,-0.026353089,0.142193466,0.593893707
1790682679.521354914,0.196832508,0.212374434,-0.252648026,0.792406499,-0.026766140,0.146548077,0.591522932
1790682679.554688454,0.197721615,0.211315155,-0.252474815,0.792537749,-0.029000375,0.152792960,0.589658618
1790682679.588022232,0.200661123,0.211307913,-0.254666537,0.793819189,-0.032638118,0.155306295,0.587082446
1790682679.621355057,0.204653069,0.209779441,-0.257574648,0.795879126,-0.036666572,0.156456217,0.583741009
1790682679.654688358,0.204426035,0.208389163,-0.256737441,0.799210072,-0.038520951,0.161685973,0.577613175
1790682679.688022137,0.204176754,0.206859708,-0.256552666,0.801442146,-0.040690865,0.166313186,0.573039830
1790682679.721354723,0.206234887,0.201103911,-0.258238316,0.802715778,-0.043892521,0.170116410,0.569895864
1790682679.754688501,0.206559867,0.196523651,-0.262440324,0.804349065,-0.042180389,0.172126606,0.567111909
1790682679.788022041,0.206985846,0.193527579,-0.263238877,0.809130430,-0.039211035,0.174878821,0.559632063
1790682679.821355820,0.209815741,0.185638785,-0.263813823,0.811912417,-0.042299934,0.179825351,0.553779602
1790682679.854688168,0.209229127,0.180830747,-0.265342355,0.814354539,-0.045134697,0.186372429,0.547772765
1790682679.888021708,0.211520284,0.176629290,-0.268205971,0.814397275,-0.049635906,0.190536559,0.545883954
1790682679.921355486,0.212777659,0.174654141,-0.271858782,0.813245356,-0.052741259,0.197121754,0.544971049
1790682679.954689026,0.213851273,0.172547713,-0.275409281,0.812146366,-0.056532849,0.207296416,0.542448759
1790682679.988021374,0.214416966,0.173156261,-0.279626042,0.810591161,-0.058490139,0.218370423,0.540217638
1790682680.021354914,0.216784284,0.170739889,-0.283379763,0.806621850,-0.065414250,0.230114534,0.540490091
1790682680.054688692,0.220085457,0.174367502,-0.286713183,0.803122699,-0.072579570,0.243355736,0.538984418
1790682680.088021278,0.222433180,0.176059917,-0.289273053,0.801167011,-0.081640124,0.256566077,0.534453273
1790682680.121354818,0.225292787,0.162445083,-0.292631269,0.796228528,-0.094562776,0.272944510,0.531581938
1790682680.154688120,0.230701745,0.172604874,-0.297573596,0.796249747,-0.095618799,0.284918964,0.525037706
1790682680.188021660,0.221040815,0.164108291,-0.302491486,0.794224977,-0.096366324,0.303344548,0.517592788
1790682680.221354246,0.235434368,0.166167319,-0.306592584,0.794140697,-0.098938331,0.309345812,0.513670146
1790682680.254687786,0.139309332,0.103729934,-0.255614579,0.780392706,-0.099293441,0.351418167,0.507575929
1790682680.288021326,0.134172052,0.107213683,-0.241422519,0.767759800,-0.098926812,0.383132249,0.503952384
1790682680.321353674,0.140703082,0.104544923,-0.246380106,0.759122849,-0.101655990,0.402797103,0.501151741
1790682680.354687214,0.146828577,0.106989861,-0.249416456,0.753111124,-0.104879551,0.415457636,0.499218345
1790682680.388020515,0.154017538,0.106214389,-0.257840008,0.751248181,-0.109481737,0.421557516,0.495912582
1790682680.421354055,0.158896685,0.110345356,-0.259539187,0.749620259,-0.110439189,0.424972802,0.495248199
1790682680.454686642,0.166556284,0.107924327,-0.261147350,0.749487698,-0.113183886,0.425359160,0.494496971
1790682680.488019466,0.169757634,0.108252794,-0.261061311,0.754866242,-0.112168849,0.422591716,0.488887966
1790682680.521352530,0.170396715,0.107023299,-0.261031955,0.762564182,-0.106508173,0.420084655,0.480292529
1790682680.554685593,0.172571078,0.103327662,-0.263112605,0.768778682,-0.102191769,0.418643236,0.472518802
1790682680.588017464,0.174628273,0.095902987,-0.265163213,0.772285402,-0.098543771,0.420378685,0.465989351
1790682680.621350288,0.178226113,0.093885466,-0.267518163,0.776016891,-0.095186479,0.418497324,0.462165833
1790682680.654683352,0.187641501,0.087546803,-0.270582169,0.777703762,-0.092799261,0.412828654,0.464905918
1790682680.688015461,0.196484223,0.086419098,-0.273354232,0.778513312,-0.088470556,0.406570315,0.469883651
1790682680.721348047,0.205356404,0.088181533,-0.275886387,0.778412521,-0.083566360,0.401900977,0.474938244
1790682680.754681110,0.214990333,0.089118682,-0.277960718,0.774758935,-0.084299445,0.401591748,0.481005490
1790682680.788013935,0.223298490,0.094110630,-0.286589533,0.767835259,-0.087031007,0.407655090,0.486489445
1790682680.821345806,0.223167807,0.102877140,-0.294015229,0.758553147,-0.086842075,0.420121014,0.490463078
1790682680.854678392,0.233213544,0.103347287,-0.292981416,0.747250080,-0.092214398,0.429514110,0.498629570
1790682680.888011217,0.232881665,0.109302990,-0.311805636,0.747706771,-0.084408447,0.422983050,0.504871488
1790682680.921344280,0.240307093,0.109851055,-0.318780005,0.743752956,-0.078554027,0.419659197,0.514341414
1790682680.954675674,0.245908439,0.110333033,-0.330669880,0.730104148,-0.076889478,0.429481566,0.525910199
