t_sec,x,y,z,qx,qy,qz,qw
0.000000,0.025224146610996638,0.06495716372316933,0.014188077677306005,0.9998321572239097,0.01734258295296995,-0.0027786333277334033,0.005212618759580717
0.066449,0.09916633411020714,0.05461708908217802,-0.0005315785350153814,0.9998207188993344,0.018574682188371498,-0.001217708705587883,0.0034682022327731455
0.099667,0.15008986288852832,0.07253348477838878,-0.003652269920438175,0.9998136138230992,0.019067392813637864,-1.3815411297268612e-05,0.003028523471824616
0.132879,0.12721765312628588,0.11977041224829675,0.01560591726616611,0.9998110352958557,0.01930409603364627,-0.0013629434710712447,0.0018406417488939374
0.763056,0.24889027796559804,0.09905583547104332,-0.013567642713308934,0.9996481241087278,0.02635496790933672,0.0019266117179176053,0.0023090690088307725
0.796179,0.4233039838600512,0.17863950987136537,-0.011779135375165749,0.9995971178548547,0.026823382430574125,0.0091758806448163,-0.0013825142469017992
1.129538,0.1855097446328196,0.056245907068287526,-0.015096433223325264,0.9993581349906235,0.035528900705596236,-0.0019276837711745024,0.0041592400739871044
1.196209,0.3808087233651418,0.17046167566845757,-0.010408615313974804,0.999319924541774,0.03653193395380338,0.0049589062536481935,0.0007179583454200649
1.262882,0.2511260313235466,0.09064359046495911,-0.012389267766759644,0.9992045501205667,0.03969364184640706,-0.001036138432577763,0.003688933785483478
1.296218,0.21433265009832278,0.07842613913599641,-0.012074214228975396,0.9991210058240705,0.04152267655629764,-0.0035894300591829496,0.004494334717070734
1.462897,0.24676890888106928,0.09397857880438279,-0.010111210085061752,0.9988673449193922,0.04701524752251937,-0.005299240727811004,0.005050920885249344
1.629577,0.2610928331824404,0.10744622799391818,-0.008567455608567079,0.9986786897716736,0.050993617252181475,-0.004928266973849055,0.00402961289776223
1.696249,0.2732055454162897,0.11644766834260761,-0.008666925929866488,0.9986986746279114,0.050632165092629515,-0.004805292655480563,0.0037749592025760584
1.729585,0.28102787602713525,0.1239853031275395,-0.007816554059069987,0.9986871466934025,0.05093007502063779,-0.004339720831652048,0.00335817076484088
1.762922,0.28735611374474085,0.13132710643373988,-0.007671257917298065,0.9986569884595431,0.05159237355351605,-0.003812272278924332,0.0028130005513482786
1.929593,0.2679094677109626,0.12500473452299363,-0.00909908991160605,0.9981861671545732,0.05989797609493845,-0.005081677147043838,0.0032840094954016234
2.129596,0.3252209421369744,0.16290674669133995,-0.00548411957486306,0.9978818742749456,0.0648548400290557,-0.004564749406310351,0.002185813620867708
2.262931,0.3472433257977,0.15784584864297577,-0.004152354408816441,0.9977293108970358,0.06715870435525972,-0.004311144369930843,0.002710099716021232
2.362931,0.3785931778230963,0.17863679851927583,-0.004000882895227943,0.997639760939293,0.06849643498880961,-0.004302069075444957,0.0021535989608676494
2.496265,0.3875477012725735,0.18601662366073746,-0.0056605289706389604,0.9970486709275795,0.07659718623352031,-0.0048203163300385475,0.001892990526404195
2.562932,0.4165397114277185,0.1968242388184438,-0.00614038575970396,0.9970523353886438,0.07653932527288686,-0.005003061166808254,0.0018279939233843147
2.596266,0.37205365727866335,0.14369002563813413,-0.007894967813929139,0.9970255892407301,0.07693772184895885,-0.003368578646632831,0.0030354626943150426
2.629599,0.4170258366476215,0.18676861600925537,-0.007188162037348331,0.9969570060245853,0.07779682354755296,-0.00425797698005024,0.0025004032561326533
2.662932,0.42303586668789184,0.19260480511129055,-0.0057033813702149225,0.9968925028320668,0.078621901798017,-0.004229156081233477,0.002459388891899372
2.696265,0.42776273445077556,0.197607442979306,-0.004487676881864679,0.9968366238911127,0.07933490801454046,-0.004147968008384285,0.0023477651275622398
2.729599,0.4359244494708302,0.2026355124946987,-0.003939853897901102,0.9967776389463554,0.0800823167516722,-0.003967232125728187,0.0023285423497615755
2.796265,0.44285643114327206,0.21212819375987377,-0.0029069771115351264,0.996653265613143,0.08161280552630605,-0.003997155754702206,0.0023750500323093562
3.196255,0.5061389250219195,0.26560367888676456,0.00015536005603721675,0.996203102245946,0.08693674231703036,-0.004120185801978045,0.002099042594269738
3.296251,0.5453890575909806,0.28799771161007226,0.001421015078098187,0.996347713501172,0.08529026843186042,-0.003688915056957481,0.0017876849583215904
3.329584,0.5397171449144769,0.286761467065767,0.0027311208278223125,0.9964124522696346,0.08456507744945294,-0.0030204918389434153,0.0013598775797709275
3.362916,0.5169728468304122,0.28142229186615136,0.002958343863930483,0.9963940286413782,0.08479171961311553,-0.0028548768434113816,0.0010740814980313325
3.396247,0.5081856973798047,0.28061501353087887,0.003454318157767018,0.996421512826331,0.08446947123401138,-0.0028385349933209105,0.0010099135726571264
3.429580,0.5066362537705786,0.2830105463579063,0.004528002091441365,0.9963582469861303,0.08521843624936255,-0.002704746618422982,0.0008637891345752368
3.462912,0.5064538100945133,0.2883200339153179,0.006522045495304352,0.9962560528827655,0.08641171321387058,-0.0025120393904447076,0.0007632640415867699
3.529576,0.49723212575124415,0.2883832421482795,0.007675940645218699,0.9961620078345432,0.08749954855356884,-0.0021724702828033195,0.0006029285559861357
3.596240,0.47984415315992807,0.2807047004015498,0.007485042412394444,0.9959531263220271,0.08985367238485033,-0.0018504771740762633,0.000513286045567693
3.629571,0.49461242579166165,0.29163135553031,0.008665220709633126,0.9959084791093307,0.09035047017120992,-0.0016801717477775023,0.0005203853180443626
4.029576,0.5051970832664352,0.3055685362068796,0.007401074356206282,0.9947189529907915,0.10261872837335435,-0.0018107889284033883,0.0005676190588632632
4.129580,0.5424459322734836,0.3247503262735375,0.008987059477673484,0.9945696222127923,0.10405881878869849,-0.0017008789215661897,0.00036853045824261415
4.196251,0.5419756797399625,0.32756234277301877,0.009126606621422837,0.9943611191410827,0.10603456666423217,-0.0015878808444660644,0.0003377088184123426
4.962947,0.6295682680066961,0.3959583814624331,0.01002024922104427,0.9937750021547066,0.11140035328807298,-0.0010475320170889814,0.0003302368524381031
5.062946,0.600418943661803,0.38151908018053826,0.006941389360998298,0.993534214944564,0.11352911368269543,-0.000933676898231217,0.00017980089059227067
5.196276,0.5942883794242284,0.3861055793534867,0.005509253740858203,0.9934238832720864,0.11449309698003611,-0.0005242340503164759,0.0002099218634959205
5.262942,0.5799963302993187,0.3784491585922203,0.0070882394377833596,0.9934749014636207,0.11404994410699451,-0.0003230972513441585,0.0003549918407524385
5.496270,0.5982392504493503,0.38355245154033246,0.006640947950210524,0.993022872271781,0.1179190410327549,-9.706533024833988e-05,0.0008157728479140525
5.662933,0.654768785837065,0.3957839976379902,0.0038193403868281087,0.9927388618729849,0.1202863047602671,-8.658102388642568e-05,0.0008657470631905533
5.729598,0.6692592429430897,0.397445410528412,0.0033086030762298664,0.99289079619527,0.11902726432697311,5.459198506632204e-05,0.0006117166624325005
5.796263,0.6557340612253008,0.40435436121165724,0.005104017504127012,0.9930872729520142,0.11737534334358071,0.0004133828536181378,0.0007253897743965055
5.829593,0.6403547752696391,0.3929392773399263,0.005627906143156995,0.9931330454603953,0.11698765825893945,0.0005663901623121463,0.0005665967121097919
5.896256,0.5997636609948606,0.3663013676827865,0.004804688225905327,0.9933225066574012,0.11536764275300512,0.0007568764401049316,0.0003631962646729767
6.062911,0.5270758798161345,0.3246667084515021,0.0035351183787954675,0.9935269302774055,0.11358828797835838,0.0013750394881529991,0.00022116533843650246
6.096242,0.5236033900945227,0.3270501849210256,0.005117789152948806,0.993490166360324,0.1139066506536031,0.0015980877285908877,0.00010196972914525513
6.129574,0.5776125511498872,0.3652886709975435,0.0092846566196038,0.9934248657995941,0.11446766933295525,0.0020069671338600313,0.0004009631694084957
6.262897,0.5454636379109019,0.34804347028729943,0.008161859757771605,0.9932057754999656,0.11634793571540823,0.0023136386885479992,-0.0003040465333332101
6.329559,0.6539001876257439,0.4255334191171897,0.012999555153646376,0.99310389617782,0.11721089519566993,0.002500297626544975,-7.717280674868488e-05
6.596205,0.7952979839006582,0.5095453846081655,0.015151329074011226,0.9927844610519574,0.11989839791946877,0.0018299671210864753,-0.00019821820064338066
6.662866,0.8732806584864234,0.5411422968511034,0.012801768721993897,0.9927120427097952,0.12050425912708905,0.0012274345935559228,0.00013113159674360683
6.796189,0.8718295007787248,0.568941681542195,0.01713480977635105,0.9930241403908535,0.11790549436448207,0.0011088512530181393,0.00034849472385585365
7.062873,1.0848843864719322,0.6709104922600679,0.002827342518860937,0.9938474526186136,0.11075505522851525,0.0006339453197793953,0.00039595221026506093
7.129544,0.569049129622466,0.3853586583221602,0.00925670932868504,0.9941373018415229,0.10810575691849883,0.001997835802726909,-0.0004231553383476898
7.162879,0.6511883931610373,0.40963054678946803,0.011848055077481608,0.9942019804111014,0.10751527486139192,0.0016771310549687744,-0.0002739517256066727
7.262886,0.5394929038474229,0.4104663182163101,0.016281453017274457,0.9942529795790521,0.10703739463473481,0.0019959099224585533,-0.00015840317723694305
7.296222,0.7968136963498443,0.6122440026484307,0.024534037710738116,0.9942630510797605,0.10695229546035144,0.0014585663508128515,0.0002536484327684297
7.329558,0.7747390448514438,0.4676666058846699,0.01014642257111073,0.9942932703643439,0.10666922849413674,0.00158446397180387,-0.0002401552949085305
7.362894,0.7552595883136961,0.45441777190100385,0.009023566940309428,0.994338461056781,0.10624634261599189,0.00160102821903734,-0.0004198244864239995
7.396229,0.7381092734395713,0.44632009343929524,0.009586523906212677,0.9943973191882318,0.10569329920746325,0.0016523949687090125,-0.00040949330510403544
7.462900,0.7355028652002665,0.4451853052505154,0.008807316710400201,0.9943466806243899,0.10616533745049923,0.0018070319769751709,-0.000578351721230052
7.496236,0.7303053595619484,0.4424699478855763,0.008696375800332203,0.9943450912655802,0.10617897700589672,0.0018632615458216636,-0.0006265576097683257
7.529571,0.729645383022248,0.44107006891020023,0.009678333874693305,0.9944004408902664,0.10565611709480062,0.0020945577301436998,-0.0004011304138007178
7.562907,0.7316224792597182,0.4412614536959476,0.009898756044209107,0.9944310551746661,0.10536495854098324,0.0022182347980097914,-0.00042596976183914467
7.629578,0.7365649103651771,0.44214991238741624,0.00967885935287874,0.9944666756185436,0.10502548719132956,0.002320421815366612,-0.000542002790704377
7.762921,0.744429469032752,0.44442945893989466,0.00966154531811774,0.9943434853788408,0.1061828829682624,0.002427929058339428,-0.0005775895559196216
7.796257,0.7510803567400957,0.44434483118358326,0.010326168080788546,0.9942437139061295,0.10711261726872082,0.002481637406523726,-0.00040749941574435823
7.862926,0.7546185778644219,0.4461280472621867,0.010145770436868111,0.994002520871116,0.10933144703476914,0.002298943735164355,-0.0005814196873295072
8.496287,0.7774153243789028,0.46190188313425695,0.008828530839429891,0.993962396887547,0.10971721522264481,0.000936907095576647,9.199154900090644e-05
8.562957,0.7799022149260215,0.4583657331746942,0.00898505376635775,0.9939905662291629,0.10946360834866008,0.0006823197786333872,8.446560688915233e-05
8.629626,0.7780362612324262,0.45626356143063046,0.00891655849896227,0.9939556325848017,0.10978237721447234,0.00017131790362005385,-2.7500217522943852e-05
8.662961,0.777567545531729,0.45595363526700805,0.008903729272159107,0.9939362077857193,0.10995818284422733,0.00011205132823357768,-1.796214977090324e-05
8.729630,0.7799305810281754,0.4573447713408609,0.0090807530648549,0.9938983416982629,0.11029984893432151,-6.113964530132492e-05,0.00016111006390363781
8.762965,0.7829151268048279,0.45752258111725685,0.009105870081299924,0.993876399762022,0.11049696364778065,-0.0003394624749387175,-8.823792098332797e-05
8.862968,0.787787686257887,0.4588100162528869,0.009094141072805564,0.9938899172586508,0.11037439286019116,-0.0005631314225841111,-9.30340654282169e-05
8.929636,0.7912562403399185,0.4595956152518496,0.009109578112194467,0.993908154644842,0.11020888530689664,-0.0007349162005804396,-0.00020402959228792115
8.996304,0.7948424525739839,0.4607119453020044,0.009173753383316446,0.9940168222422955,0.10922441944957903,-0.0007614250349039459,-5.938979173359506e-05
9.296310,0.8100017360860468,0.46509081071650404,0.008966161676299827,0.9938756443780807,0.11049671722237452,-0.0012076658091445512,-0.0004696151903776875
9.329643,0.8126089077510985,0.46671355197112924,0.008797745351440664,0.9938267964514959,0.11093494685540296,-0.00126998527988453,-0.0003512243370700501
9.396311,0.8166744653953509,0.4681583949232658,0.00874533515298779,0.9937807664723319,0.1113480903103409,-0.0011355431981653996,-0.0003186150494206628
9.429646,0.8191116087456765,0.46869030332924,0.008753987042327509,0.9937384200248498,0.1117217764833018,-0.0014192615446156998,-0.0004276945154756945
9.462979,0.8214955672614359,0.46949748367358984,0.008602877413857797,0.9937066671043463,0.11200282423327447,-0.0014846003934360081,-0.00047231114087165315
9.529647,0.8258475759906437,0.470717650174258,0.008598614259657366,0.993749263649181,0.11162371986103951,-0.0015519713547480693,-0.0003708719573975409
9.629649,0.8320287681392625,0.4717058863869927,0.008312443431081753,0.993796336608261,0.11120474086696494,-0.0014947341146565546,-0.00033574192110715677
9.696316,0.8354933732272428,0.4728158218027141,0.00827741253693027,0.9939021095960798,0.11025410772501935,-0.0015786068337877905,-0.00036914859679186286
9.762985,0.8389135493346157,0.47383223927275764,0.00809651506320068,0.9938744304554145,0.11050146646142629,-0.0016258482194524092,-0.000631675840396826
9.829653,0.8423725592424106,0.47578108818549797,0.008125179791049385,0.9938939099627072,0.11032942651739745,-0.0014746678690972985,-0.00037247558368430476
10.229671,0.8599473147332488,0.48058538577678195,0.007629565548093577,0.9942146380775686,0.10740297615659543,-0.0012920725246477562,-0.0004297599171749625
10.363010,0.8622444568541794,0.482141055233623,0.0074916019814850665,0.9943487303669459,0.10615666205133116,-0.001047226344395062,-0.0005184946920615162
11.096370,0.8855145978538987,0.4935512677869608,0.006627306826278755,0.9948827471360149,0.10102970343927747,-0.0011353017966548651,-0.0001719415556870138
11.196372,0.8875849106554821,0.496630170075671,0.007065052009405278,0.9948247947645222,0.10159936694739308,-0.0010921077516397196,6.0483668921814184e-05
11.263039,0.8894859447566982,0.49769187443621704,0.007200189719628924,0.9948038925159903,0.1018038319018879,-0.0010925071257879438,4.090606519119786e-05
11.296374,0.8903584506839504,0.49796738085428904,0.007142860184667972,0.9947387524897396,0.10243845624198816,-0.0010785931850882243,-0.00011668185656831186
11.329708,0.8916233793220635,0.4985453575735098,0.007073188266511867,0.9946857005033914,0.10295266387671187,-0.0010320461897955768,-0.00020272007416966795
11.529712,0.8977132105545697,0.5017183007437198,0.007060364413190408,0.9944901480086131,0.10482568957124228,-0.0009360152606890312,-0.00021022643087879216
11.563046,0.8983385608373671,0.5019652620411603,0.007052507627523468,0.9944484481195659,0.10522012905050745,-0.0009736986383698538,-0.0002457359215650344
11.996384,0.909831212989632,0.5060913244013701,0.006655541849121951,0.9939740039750765,0.10960850295525583,-0.0011746528206877794,-0.0005250641989496126
12.063051,0.9150501896917024,0.5087159984105055,0.006666608901221571,0.9938541610533128,0.11068818647860473,-0.001324743370701815,-0.0005262946848605668
12.696384,0.9424039234217034,0.5184787081128364,0.005624278724047089,0.9924324398297553,0.12277423365613714,-0.001778206429049801,-0.001085313596673524
12.729717,0.9418531270452395,0.5198034591092293,0.006083116591497061,0.992332824851766,0.1235754970785342,-0.0019071801181715419,-0.00101188314761423
12.863052,0.9460415732701442,0.5217604004533121,0.0059767355937292675,0.9919457538195815,0.12664207218788806,-0.0019641246989883523,-0.0012446868790893155
12.963055,0.9493963031710323,0.5226853845471993,0.006088831628112729,0.9917013207556343,0.1285438088694651,-0.0019816784604441717,-0.0010259450961580996
13.096392,0.9527388643012391,0.5240515727263854,0.0057807846784746235,0.9913936532357144,0.13088823415329673,-0.002215350993213763,-0.0014095049319000673
13.129727,0.952771578713547,0.5247134968829338,0.005190668988425724,0.9913625501644256,0.1311193105770023,-0.002316817407826644,-0.0016287671402064488
13.429736,0.9570419226936059,0.526710359644263,0.005047820759347699,0.9911539030201042,0.13270410388852874,-0.0016731544433545732,-0.0008728650326102943
13.496405,0.9573851981165352,0.5266214666486735,0.005040065762689392,0.9911112069783021,0.1330231488716674,-0.00169801317870696,-0.0007307650268045439
13.563073,0.9577706560473493,0.5264912582157047,0.005084539998554223,0.991056423832658,0.13343251509548298,-0.0016022894879346538,-0.0006011353537285211
13.596408,0.9581713776137842,0.5260918202150262,0.0052656954179201255,0.9910459166550073,0.1335108217360877,-0.0015985958185659236,-0.0005441067907621388
13.629742,0.9581035409013907,0.5260701724534984,0.005305995165221119,0.9910737078677844,0.1333055599738495,-0.0015355241106612986,-0.00041883047367935553
13.663077,0.9578987299205232,0.5261562452130266,0.005343345640737866,0.9910829849159848,0.1332361432211845,-0.001560582062241297,-0.0004601447520043883
13.696411,0.9576783393777653,0.5261836544108414,0.00519659942888056,0.9911004662284043,0.13310536040746523,-0.0015779740220089225,-0.0005821259522917155
13.763080,0.9579291016089129,0.5262019849628947,0.005146947728820259,0.9910574103627883,0.13342555798200154,-0.0016013558760236478,-0.000515268428718867
13.863084,0.9580480732706484,0.5259370017256445,0.005200154866066098,0.990967867222627,0.1340917392296392,-0.0013585692982347422,-0.0004958750549870005
14.096429,0.9575802232257858,0.5255739312976135,0.005321266790271823,0.990649818140698,0.1364245349936785,-0.001086911377405225,-0.0003204578259455419
14.129764,0.9569482453753633,0.5255579110668411,0.0054360395204295885,0.990630066432504,0.13656848206522362,-0.0010357856558879525,-0.00021985087788068409
14.329773,0.9601012759810305,0.5258390928099478,0.005361083017963694,0.9900129968859428,0.14097331009604686,-0.0008695142193808658,-0.00018916263000110306
14.396444,0.9616483483851117,0.5269747414724667,0.005186157338090475,0.9898302074067181,0.14225126650304726,-0.0008072717008731609,-0.00029325049605117106
14.463113,0.9619810689359997,0.5277587937638295,0.005236661681371736,0.989769131620898,0.14267440198008707,-0.0010234149538392336,-0.00018366238139154518
14.596454,0.9625477120786242,0.527450654667653,0.00537750369347407,0.9895769070815644,0.14400249708034793,-0.0008770644174559268,-0.00023783085813481353
14.829798,0.9649079597096368,0.5277796678844255,0.005383153574319142,0.9893232931549569,0.14573388842117607,-0.0010195043562382692,-0.00012648139440589288
14.929800,0.964913605457455,0.5277050604879201,0.0054723639402788566,0.9892917735526952,0.1459474160363736,-0.001056783023194815,-0.00014745477446832054
14.996469,0.9650547375033087,0.5276137199361155,0.005606244898361435,0.9892656691979513,0.14612345314508612,-0.0011606323872078567,-0.00015849210471500545
15.029802,0.9649224351687916,0.527553734132273,0.005631942900381151,0.9892703895787702,0.14609110173884254,-0.0012116887418644332,-0.00013455776547540894
15.063136,0.9649311777107019,0.5275137313103092,0.005622211861688109,0.9892667755537888,0.1461154840465686,-0.0012204465424617708,-0.00015039110234807743
15.363143,0.9673010083428333,0.5278251255269237,0.005503941211715779,0.9889071488370327,0.14852977344496257,-0.0011347019369974075,-0.000519452513035015
15.463145,0.9675127052375306,0.5279542897815186,0.0055055006660937565,0.9888590168043847,0.14885033542489373,-0.0011247531695263281,-0.0003968108741797665
15.496480,0.9671873273798512,0.5278894540284135,0.005688414277491627,0.988872828664906,0.1487586835450667,-0.0011393639445657809,-0.00029094330719259
15.529813,0.9662895959685008,0.527676959928551,0.005655704759915752,0.9888813454707851,0.14870172080217173,-0.0011747766329082271,-0.0003204843610196594
15.563147,0.9652715861785046,0.527441462999543,0.005527645903742961,0.9888898357895448,0.14864557677368473,-0.0011178814737398,-0.0003681287226853125
15.696484,0.9650064640514868,0.5271685172468765,0.00570831808383597,0.9887133568398396,0.14981411055056149,-0.001039729937176948,-0.0007411127429157741
15.729818,0.9634743640285242,0.5269659137196073,0.005769364591573187,0.9887106464269126,0.14983187856908786,-0.0010120590592656764,-0.0008009637914516505
15.763151,0.9631879006236284,0.5263534965235662,0.005933059488576571,0.9886848900146659,0.15000402315061429,-0.0007373055440555614,-0.0006615707466548766
15.829818,0.9646026356579304,0.5262895413204104,0.006160196026515041,0.9886666298775555,0.15011906512797435,-0.0012009869610044982,-0.0010577721774624772
15.863148,0.9654619877248046,0.5269270197173054,0.005867374311183207,0.9885658187560126,0.15078574100896,-0.0008173172256710055,-0.0007837653897979198
15.896480,0.9672369253395432,0.5274182156979568,0.005702136817341521,0.988398768550255,0.15187974528529508,-0.00012235581054562318,-0.0006342944656564301
16.229796,0.9819269774420372,0.5303612937637932,0.0049537440138038916,0.9879825712295937,0.15455490248508214,-0.0012997782079029905,-0.0012375948440765398
16.263128,0.9652907000791698,0.5245674315921682,0.006188880040128266,0.988327537979071,0.15233590962911717,-0.0009295470646909779,-0.0012586707084311392
16.329791,1.0098294230627678,0.52942241050713,0.003484917803593569,0.9892087940660809,0.14649863225113602,-0.0016797871013715514,-0.0011361365105166613
16.596441,0.9758123382308184,0.5268526932325603,0.0071046739303154555,0.9940874814428509,0.10857381571152336,-0.00043746779330162044,-0.001270591350448931
16.696436,0.9532518516327975,0.5229846697908349,0.02034392228489467,0.9946161742039338,0.10356571695640421,-0.0006996365504923095,-0.003509813660754856
16.963106,0.9447083809936293,0.528811486970762,-0.00014270476255377838,0.9975935890789658,0.0626938942304811,-0.007009784652480275,-0.02876403264305381
16.996442,0.9332244128197849,0.551855691879434,0.007344221632969172,0.9978388870028173,0.05825050137529289,-0.007062534925769189,-0.029572880734352196
17.029777,0.947013600534,0.5557006468610723,0.020913812015888412,0.9980887388848244,0.053363429240378527,-0.007130513620118418,-0.030337592299345108
17.363131,0.9643434364659924,0.5200986143489792,0.005106521718462718,0.9991169726346262,0.035449762042617274,0.006425264015584202,-0.021617246514568565
17.396467,0.968619056611989,0.5398435001784765,0.005063299967994054,0.9992051219950868,0.03233748103102477,0.006474372916310987,-0.022394061594372208
17.896498,0.9771276822930737,0.5428676246791289,0.005897162667799405,0.9984355026123273,-0.049112312024295814,0.02526570657668249,-0.008727657307580511
17.963167,0.9964666317941031,0.524131983562986,0.018739747861624197,0.9974395171570081,-0.06518365542257286,0.028928804604990678,-0.005350228357026009
18.029837,0.9866962350620324,0.5232503437598339,0.014171192498937349,0.9961255617320709,-0.08235941989915092,0.03048283734936453,-0.0046462721588022785
18.063171,0.9857164539300054,0.5210486458519842,0.014131377119314713,0.9953377514528713,-0.09085808296464663,0.03207199830722193,-0.00435387382836727
18.163176,0.9743379521889843,0.4632277601951575,-0.0007564032333901554,0.9934808930096213,-0.10855992815710742,0.03399381409104565,-0.007407956997218781
18.196510,1.0115053817914375,0.5142507209382208,0.0014554826107682568,0.992658506552237,-0.1161985583915901,0.03222488208778064,-0.009409642481390226
18.496523,1.0096898093615019,0.5008952067351105,0.006790076115431611,0.9740974641812735,-0.22483095831292638,0.02377851503111606,0.004444399016613139
18.596527,0.9990967995553424,0.5031729181523896,0.007807999910018663,0.9664562853769655,-0.2560603613341014,0.01922717405679998,0.0050651344105156655
18.663196,0.9934174784433615,0.5073808261170111,0.006560523363762618,0.9596336773057362,-0.2810082363841094,0.01101350798506831,0.0040347375163196295
18.763201,0.9527931812037957,0.503935332092311,0.010337132975111817,0.9438491726604661,-0.33036028249075794,-0.0028296088334546707,0.0016781938595365172
18.896538,1.0134526432194473,0.4610059527774956,0.009303179671754569,0.9198673843410556,-0.3921850543742993,-0.005407112284449979,0.0023751816174283785
18.963208,1.0619891427957067,0.4594398083390982,0.014746264800658278,0.9190675806005794,-0.39404015421639144,-0.006331011843603877,0.0026565848671487226
19.029876,1.0492781579618593,0.44641917388326313,0.011705343637283594,0.920585683979024,-0.39050402347219404,-0.00529052918449708,0.0007851151818587427
19.063211,0.999581561077687,0.5013823430731322,0.005772424183169051,0.921216229590028,-0.38902249296582325,-0.004582749271044581,0.001075507186135283
19.129881,1.007749437706256,0.494612091943121,0.0034282190007960704,0.9216421630993632,-0.38800736463271807,-0.004785969788223799,0.001761443012391025
19.163214,1.0199812787533438,0.481320078951868,0.004516295077032142,0.9217756169087613,-0.3876823858824314,-0.005247852533950888,0.0021306789434331103
19.196549,1.038110203183554,0.4685952069163158,0.007790326856646711,0.9227166376092226,-0.385429972144696,-0.005685679891525899,0.0023272936730889416
19.696567,1.0857655316267605,0.5199419078502081,0.0026446973474189596,0.8988602855635434,-0.43816035229765554,-0.006898308712972256,0.004255120200444119
19.896808,1.059257882978528,0.55437365321518,0.0041811293545265344,0.8506815262193183,-0.5256239866694672,-0.00622593780858761,0.004647933440889721
20.063883,1.086273183128965,0.5123636702207662,0.009679243948597085,0.826313921912596,-0.5631224144359673,-0.008078169969871478,0.005761248403661962
20.097300,1.1966722863958217,0.46976371204497225,0.0435958746595952,0.8264327037713012,-0.5629424694006003,-0.008739308944177522,0.005327922821254929
20.297809,1.1192271418734772,0.5198791035889815,0.009908851384952047,0.8278120618121819,-0.5609408352362515,-0.007145982931739382,0.004637306401370668
20.431492,1.1492532198999037,0.5689176976830398,0.02340731462830021,0.8296543780255848,-0.5582208601323346,-0.006572583811176091,0.0044593136402127365
20.498336,1.1397191102885813,0.5335707775940848,0.010332006184494947,0.8311757474858628,-0.5559508332313045,-0.006664736317785954,0.004596641224830367
20.565183,1.1462013354798077,0.5097875470271279,0.011324536972758965,0.8337835471051659,-0.5520288467148956,-0.006884748298393259,0.004663605066667109
20.598606,1.098900211829274,0.5187101070105585,0.006257690995906173,0.8345472547928222,-0.5508820302581563,-0.006352538874828345,0.004417409451235541
20.799161,1.1522661699884589,0.49427874343548966,0.009463141473705187,0.8373202653801036,-0.5466556446102563,-0.006650572769569687,0.004260197339881573
20.999115,1.1073970254108723,0.43941772781325866,0.007282612411311577,0.8448002407844897,-0.5350173322873756,-0.007228272119637811,0.0040938251956639995
21.032440,1.181799703457918,0.4594802837035115,0.007557917917857556,0.8459271635058058,-0.5332279864260973,-0.007512342664544096,0.004325880567245825
21.099090,1.1693969947536889,0.3956724621634189,0.015093821046767476,0.8473391009951018,-0.5309880065575988,-0.0073776073716997174,0.0037088712931526873
21.132416,1.0686912932791177,0.42213403782743253,0.008322245009290425,0.8478520167671155,-0.5301782475824782,-0.006759304748579776,0.0035064588438017893
21.199065,1.0731805172856017,0.4025624463346458,0.008952795145092719,0.8469483500200111,-0.5316216127808018,-0.006792833917612385,0.003287952263620189
21.265716,1.0438315420102746,0.4154195096881848,0.007955089981440594,0.8470932437004478,-0.5313943682231932,-0.006547216501525257,0.0031930947072349876
21.532312,1.0690454568038692,0.3542978181742007,0.007422016512565246,0.8474230934753325,-0.5308702562099219,-0.006649635415231942,0.0025795474708453603
21.565635,1.0614391394150617,0.33780032992867637,0.0069956455175333755,0.847242807096628,-0.5311591807452684,-0.006610340025410373,0.0024194912253975485
21.665608,1.0634863766969833,0.33100781454093114,0.006769866378747671,0.8468187068248185,-0.5318376773675351,-0.006408642902476244,0.0023857912726042633
21.732256,1.0615532510484502,0.32576854157761787,0.005557586540264518,0.8450987680929288,-0.5345655392684945,-0.006423256200509204,0.002549151658959188
21.965538,1.074544549939848,0.2982493846032156,0.00492242759327129,0.842821628381093,-0.5381469748012803,-0.006465332624439479,0.0027813161144787505
22.065518,1.0737230283369303,0.3079543092308085,0.005522321310230142,0.8404593907892735,-0.5418256829986524,-0.006555310919687625,0.0031574635252807374
22.132172,1.0905206530313782,0.31619207246030034,0.005946340771086745,0.839294975500302,-0.543626772953176,-0.006633554475169258,0.00314193944703141
22.165499,1.057627691558726,0.36304720229391896,0.0063022024562397975,0.8388107883950989,-0.5443776777675683,-0.006115367032900946,0.003465184906352886
22.198825,1.0858891300880953,0.32726646307379703,0.00566813519985955,0.838458090811912,-0.5449182329776984,-0.006408780903195163,0.003328189874602896
22.232152,1.0947477025559538,0.31606809745137493,0.005485575481876314,0.8384325084864436,-0.5449570001673862,-0.0064775927100646944,0.0032920319523862887
22.298804,1.0983840026293095,0.3115281597155688,0.005255078376372821,0.8379320281730818,-0.5457260704238335,-0.006471544907985278,0.003330364546216817
22.365456,1.1022595469663883,0.3066236251515908,0.004930028094901119,0.8373589630514762,-0.5466045341192727,-0.006445376612693592,0.003450709771932176
22.465434,1.0628543511215602,0.36024145842211236,0.005604259636555501,0.8361586694925051,-0.5484412614897146,-0.005977852855049487,0.0038893962690472205
22.498760,1.0666873511396706,0.35600388674160005,0.0056668830470220114,0.8363412021644859,-0.5481621010476536,-0.0059949167457045436,0.003970580599443388
22.532085,1.0701507862967958,0.3483376262970658,0.0054857585248090784,0.8365546907472341,-0.547835207652848,-0.006066545979060909,0.00400395612418597
22.665388,1.081221495773396,0.3267016891102021,0.005100863966390768,0.8367896115858723,-0.5474747969457268,-0.006154948579570962,0.004075445887661096
22.732039,1.0871851122164296,0.3091567947182327,0.00484178983262262,0.8366328758599596,-0.5477146275747581,-0.006143444308935018,0.0040467101403873764
22.998650,1.0956533155809953,0.289779498108682,0.0040576505759107005,0.8330706253147442,-0.5531168857898193,-0.0058752854368792065,0.004530442904228445
23.065303,1.099705337126471,0.2872530407461493,0.004945262609413121,0.8324064500752317,-0.5541152892643718,-0.005849178365183121,0.004640602230829316
23.098629,1.0983223705281384,0.2906772172153246,0.005337223958352326,0.831733708500397,-0.5551257424360895,-0.005714688152677531,0.004668036875918102
23.165282,1.1052468951962822,0.2835710265528387,0.00516666957966071,0.8304911844558645,-0.5569823676376165,-0.005659004451603677,0.004796910516881464
23.198608,1.1060423970575335,0.2865940577476735,0.00523242676634048,0.8299864924517479,-0.557733255705716,-0.005606843203614271,0.004959953309984928
23.331913,1.1107644091172986,0.28650486523958557,0.005231768577285898,0.8293925628779351,-0.5586140793129445,-0.005581838583893335,0.005208657614535206
23.365239,1.120652891836116,0.27816838473948424,0.004911945145291594,0.829335472125368,-0.5586969085257296,-0.005786601598393635,0.005191755033432634
23.431890,1.0968297862805996,0.3040926746606559,0.005061708447107195,0.8284816987940409,-0.5599653811802214,-0.005429566150000335,0.0052312956762434965
23.531867,1.1239206946590972,0.2761423593160028,0.004808480588629564,0.8282502541062204,-0.560303525113274,-0.005727259953608349,0.005354886744282757
23.565193,1.1261782780218386,0.27400345555395944,0.004781320860804851,0.8283568948911342,-0.5601448237184923,-0.005750908944123255,0.005436744799443166
23.598519,1.1108278798582594,0.2861732875292869,0.004703282917793848,0.8285829758764818,-0.5598117404662998,-0.005539211377875896,0.005512210180778247
23.898446,1.11208129639262,0.2894906346839715,0.0044443548634362185,0.8288404456357295,-0.559431133199961,-0.005256653392883623,0.005717558926692811
24.364993,1.1335571008712446,0.25552575057974636,0.003395001817638903,0.8298613184797221,-0.5579210301302251,-0.0052538411917644485,0.0051684990333291875
24.564938,1.1259144857783407,0.25784801502916266,0.002952136362419813,0.8294928040363095,-0.5584688582090995,-0.004726432282001179,0.0056465299511480604
25.131455,1.1324703663460196,0.24827819287904973,0.002506071510450208,0.8292307021130216,-0.5588585419978231,-0.0037415244288333364,0.006290763400493139
25.264754,1.1275331703159475,0.25383070532169294,0.002727666094690945,0.8296079239196298,-0.558295121584033,-0.003962273158361102,0.006445942650222193
25.631320,1.1283460692582974,0.24990473726972606,0.003150543392168799,0.8308530380896434,-0.5564317118203513,-0.004641304892743436,0.006740731916911358
25.731290,1.1352310781323418,0.24329738604296997,0.0035459770530373263,0.8311818498577829,-0.5559439588365742,-0.004384548430471027,0.006619881809573025
25.864588,1.1365916080549887,0.24125413653984001,0.004006523446399212,0.8316050250316503,-0.5553096910196504,-0.004522993964918268,0.006616035622798382
26.031215,1.1376537347796982,0.23717463620188473,0.004589180601488111,0.8327893833966404,-0.5535298795561274,-0.004681165515286487,0.006678475113453265
26.197839,1.138616491020364,0.23768573199953397,0.003841027928062562,0.8333425906956518,-0.5527047778830891,-0.00433790100763933,0.0062239579619694785
26.264489,1.1386461120394762,0.23777383446194408,0.003909857008092326,0.8336078086562643,-0.5522935954206194,-0.004693927449802679,0.00691179063356377
26.731025,1.136934829743447,0.23283584880251545,0.003737906929824672,0.8388339617270695,-0.5443357420422659,-0.0047685921166479624,0.005783175407186941
26.930980,1.137481332393003,0.24359962031735138,0.0019069957527893164,0.8394697515949471,-0.5433470105861948,-0.004673463364731682,0.006536129155843194
27.630834,1.1356231547828504,0.2517558399213932,-0.0021410367477734896,0.9310337391659095,-0.364747353867469,-0.0038160310157654208,0.01099919491196623
27.797462,1.1451232352313188,0.25180212699705984,-0.008111968215677723,0.9665678326120294,-0.2562377342396795,-0.0025937546171231137,0.009062060934768272
27.997423,1.1309662237056486,0.2635119196086936,-0.009179544361404664,0.9851202951026791,-0.17147368020511042,-0.0028175648699392797,0.011262437654868979
28.264024,1.2010635427047902,0.2964501948816981,-0.000906332061815094,0.9974446016299193,-0.07084249049082554,-0.0032965923856918843,0.008645270327254921
28.663915,1.1993475667744677,0.3369088145360193,-0.0036867057305305945,0.9912903118338622,0.13136311929970254,0.00010011794973872647,0.009340156774517215
28.863859,1.1674084115948968,0.35674061838373433,0.0013684531126198062,0.9824958124665827,0.18601863580683983,0.001844055216086433,0.009779830190342448
29.197124,1.269013082223982,0.40556925855911136,-0.0017931267800486966,0.9825428298698067,0.1857865896121313,-0.0004930845299015748,0.00962743264698211
29.796986,1.2151942011995467,0.554452527474021,-0.06103695952092249,0.9801030899877161,0.19827405305396895,-0.0007272549154519374,0.009208907772961648
29.930294,1.2127142816521501,0.5344540586931625,-0.019278873657128066,0.9800415752065015,0.19862796316392908,-0.00032144402697292524,0.008083303151914193
30.096932,1.2026998014175998,0.5380930817544292,-0.043129899324356895,0.978799940098348,0.20469337587437866,-0.0007476137678024404,0.007123216287244804
30.230242,1.2250301244504542,0.5144474277801636,-0.061512516413200075,0.9778087688799822,0.20940691500009312,-0.0006647877362124225,0.0061897906930020305
30.430204,1.2070359216528523,0.5271044111381669,0.03134165240125657,0.9769005335540247,0.21360639411007518,-0.000616915664665038,0.006105354389030942
30.496858,1.3022875504979659,0.6696361189240743,0.010899475152481988,0.9770464344290005,0.21287528063280706,-0.0024841524426408783,0.007629472571696113
30.596838,1.2682185542014395,0.7090372011609443,-0.004583207485023223,0.9774281625666985,0.21110756643826364,-0.0017463632934105438,0.008045659031386201
30.696817,1.2583841578605868,0.7372594272181138,-0.005715600551438389,0.9774670731834865,0.2109378504632373,-0.0014308953647893384,0.007829215957737475
30.763471,1.2561672810909463,0.7692934360621095,0.003847937685090638,0.9768752560937843,0.21365887825882396,-0.0013797790406357975,0.007919216039690346
30.996747,1.2404421135469748,0.8340656971890343,0.005196664088805002,0.9778354079437149,0.20920212781537206,-0.0012363238755188656,0.00841761203337193
